Permit Number,VIN NUMBER,"VEHICLE IS CAPABLE OF OPERATING WITHOUT A DRIVER
(Yes or No)","DRIVER PRESENT
(Yes or No)","DISENGAGEMENT INITIATED BY
(AV System, Test Driver, Remote Operator, or Passenger)","DISENGAGEMENT
LOCATION
(Interstate, Freeway, Highway, Rural Road, Street, or Parking Facility)",DESCRIPTION OF FACTS CAUSING DISENGAGEMENT,Translation,Initiation,Label,Sub-label,sub-sub-label,Accident,year,month,day,weekday
AVT030,2T2BGMCA2GC007754,No,Yes,Test Driver,Interstate,"The ADS incorrectly predicted the behavior of another road user, which resulted in a motion plan requiring disengagement by the Safety Driver.  The Safety Driver was able to safely take control of the vehicle.",ADS는 다른 도로 사용자의 행동을 잘못 예측하여 안전 운전자의 개입을 중단해야 하는 모션 계획을 초래했습니다. 안전운전자가 차량을 안전하게 제어할 수 있었습니다.,driver,decision,recognition,prediction,,23,5,3,Wednesday
AVT030,2T2BGMCA8GC003871,No,Yes,Test Driver,Freeway,"The ADS incorrectly predicted the behavior of another road user, which resulted in a motion plan requiring disengagement by the Safety Driver.  The Safety Driver was able to safely take control of the vehicle.",ADS는 다른 도로 사용자의 행동을 잘못 예측하여 안전 운전자의 개입을 중단해야 하는 모션 계획을 초래했습니다. 안전운전자가 차량을 안전하게 제어할 수 있었습니다.,driver,decision,recognition,prediction,,23,10,4,Wednesday
AVT030,2T2BGMCA9HC019532,No,Yes,AV System,Freeway,The ADS initiated a disengagement due to a diagnosed hardware issue.  The Safety Driver was able to safely take control of the vehicle.,ADS는 진단된 하드웨어 문제로 인해 연결 해제를 시작했습니다. 안전운전자가 차량을 안전하게 제어할 수 있었습니다.,ADS,internal,HW,,,23,9,15,Friday
AVT030,2T2BGMCA8GC003823,No,Yes,Test Driver,Interstate,A discrepancy in the onboard map resulted in a motion plan requiring disengagement by the Safety Driver.  The Safety Driver was able to safely take control of the vehicle.,온보드 지도의 불일치로 인해 안전 운전자의 참여를 중단해야 하는 동작 계획이 발생했습니다. 안전운전자가 차량을 안전하게 제어할 수 있었습니다.,driver,perception,localization,,,23,10,6,Friday
AVT030,2T2BGMCA0HC019225,No,Yes,Test Driver,Interstate,"The ADS incorrectly predicted the behavior of another road user, which resulted in a motion plan requiring disengagement by the Safety Driver.  The Safety Driver was able to safely take control of the vehicle.",ADS는 다른 도로 사용자의 행동을 잘못 예측하여 안전 운전자의 개입을 중단해야 하는 모션 계획을 초래했습니다. 안전운전자가 차량을 안전하게 제어할 수 있었습니다.,driver,decision,recognition,prediction,,23,11,2,Thursday
AVT030,2T2BGMCA0HC019967,No,Yes,Test Driver,Interstate,"The ADS incorrectly predicted the behavior of another road user, which resulted in a motion plan requiring disengagement by the Safety Driver.  The Safety Driver was able to safely take control of the vehicle.",ADS는 다른 도로 사용자의 행동을 잘못 예측하여 안전 운전자의 개입을 중단해야 하는 모션 계획을 초래했습니다. 안전운전자가 차량을 안전하게 제어할 수 있었습니다.,driver,decision,recognition,prediction,,23,8,3,Thursday
AVT030,2T2BGMCA3GC007911,No,Yes,AV System,Freeway,The ADS initiated a disengagement due to a diagnosed issue with the motion plan.  The Safety Driver was able to safely take control of the vehicle.,ADS는 동작 계획 문제로 진단되어 연결 해제를 시작했습니다. 안전운전자가 차량을 안전하게 제어할 수 있었습니다.,driver,decision,planning,unknown,,23,9,19,Tuesday
AVT030,2T2BGMCA8GC003823,No,Yes,Test Driver,Interstate,"The ADS incorrectly predicted the behavior of another road user, which resulted in a motion plan requiring disengagement by the Safety Driver.  The Safety Driver was able to safely take control of the vehicle.",ADS는 다른 도로 사용자의 행동을 잘못 예측하여 안전 운전자의 개입을 중단해야 하는 모션 계획을 초래했습니다. 안전운전자가 차량을 안전하게 제어할 수 있었습니다.,driver,decision,recognition,prediction,,23,3,13,Monday
AVT030,2T2BGMCA4HC020118,No,Yes,Test Driver,Freeway,"The ADS incorrectly predicted the behavior of another road user, which resulted in a motion plan requiring disengagement by the Safety Driver.  The Safety Driver was able to safely take control of the vehicle.",ADS는 다른 도로 사용자의 행동을 잘못 예측하여 안전 운전자의 개입을 중단해야 하는 모션 계획을 초래했습니다. 안전운전자가 차량을 안전하게 제어할 수 있었습니다.,driver,decision,recognition,prediction,,23,2,10,Friday
AVT030,2T2BGMCA0HC019967,No,Yes,Test Driver,Interstate,"The ADS incorrectly predicted the behavior of another road user, which resulted in a motion plan requiring disengagement by the Safety Driver.  The Safety Driver was able to safely take control of the vehicle.",ADS는 다른 도로 사용자의 행동을 잘못 예측하여 안전 운전자의 개입을 중단해야 하는 모션 계획을 초래했습니다. 안전운전자가 차량을 안전하게 제어할 수 있었습니다.,driver,decision,recognition,prediction,,23,8,18,Friday
AVT030,2T2BGMCA5HC014389,No,Yes,Test Driver,Freeway,"The ADS incorrectly predicted the behavior of another road user, which resulted in a motion plan requiring disengagement by the Safety Driver.  The Safety Driver was able to safely take control of the vehicle.",ADS는 다른 도로 사용자의 행동을 잘못 예측하여 안전 운전자의 개입을 중단해야 하는 모션 계획을 초래했습니다. 안전운전자가 차량을 안전하게 제어할 수 있었습니다.,driver,decision,recognition,prediction,,23,1,20,Friday
AVT030,2T2BGMCAXHC020026,No,Yes,AV System,Freeway,The ADS initiated a disengagement due to a diagnosed hardware issue.  The Safety Driver was able to safely take control of the vehicle.,ADS는 진단된 하드웨어 문제로 인해 연결 해제를 시작했습니다. 안전운전자가 차량을 안전하게 제어할 수 있었습니다.,ADS,internal,HW,,,23,9,13,Wednesday
AVT030,2T2BGMCA2HC019338,No,Yes,Test Driver,Freeway,"The ADS incorrectly perceived an element in the surrounding environment, which resulted in a motion plan requiring disengagement by the Safety Driver.  The Safety Driver was able to safely take control of the vehicle.",ADS가 주변 환경의 요소를 잘못 인식하여 안전 운전자의 참여를 해제해야 하는 모션 계획이 발생했습니다. 안전운전자가 차량을 안전하게 제어할 수 있었습니다.,driver,perception,detection,error,,23,10,25,Wednesday
AVT030,2T2BGMCA0HC020083,No,Yes,Test Driver,Freeway,A discrepancy in the onboard map resulted in a motion plan requiring disengagement by the Safety Driver.  The Safety Driver was able to safely take control of the vehicle.,온보드 지도의 불일치로 인해 안전 운전자의 참여를 중단해야 하는 동작 계획이 발생했습니다. 안전운전자가 차량을 안전하게 제어할 수 있었습니다.,driver,perception,localization,,,23,7,19,Wednesday
AVT030,2T2BGMCA5HC019432,No,Yes,Test Driver,Interstate,"The ADS incorrectly predicted the behavior of another road user, which resulted in a motion plan requiring disengagement by the Safety Driver.  The Safety Driver was able to safely take control of the vehicle.",ADS는 다른 도로 사용자의 행동을 잘못 예측하여 안전 운전자의 개입을 중단해야 하는 모션 계획을 초래했습니다. 안전운전자가 차량을 안전하게 제어할 수 있었습니다.,driver,decision,recognition,prediction,,23,11,15,Wednesday
AVT030,2T2BGMCA0GC007946,No,Yes,Test Driver,Interstate,"The ADS incorrectly predicted the behavior of another road user, which resulted in a motion plan requiring disengagement by the Safety Driver.  The Safety Driver was able to safely take control of the vehicle.",ADS는 다른 도로 사용자의 행동을 잘못 예측하여 안전 운전자의 개입을 중단해야 하는 모션 계획을 초래했습니다. 안전운전자가 차량을 안전하게 제어할 수 있었습니다.,driver,decision,recognition,prediction,,23,10,25,Wednesday
AVT030,2T2BGMCA2GC003882,No,Yes,Test Driver,Interstate,"The ADS incorrectly predicted the behavior of another road user, which resulted in a motion plan requiring disengagement by the Safety Driver.  The Safety Driver was able to safely take control of the vehicle.",ADS는 다른 도로 사용자의 행동을 잘못 예측하여 안전 운전자의 개입을 중단해야 하는 모션 계획을 초래했습니다. 안전운전자가 차량을 안전하게 제어할 수 있었습니다.,driver,decision,recognition,prediction,,23,9,26,Tuesday
AVT030,2T2BGMCA0HC019225,No,Yes,AV System,Interstate,The ADS initiated a disengagement due to a diagnosed hardware issue.  The Safety Driver was able to safely take control of the vehicle.,ADS는 진단된 하드웨어 문제로 인해 연결 해제를 시작했습니다. 안전운전자가 차량을 안전하게 제어할 수 있었습니다.,ADS,internal,HW,,,23,6,21,Wednesday
AVT030,2T2BGMCA9HC019126,No,Yes,Test Driver,Freeway,A discrepancy in the onboard map resulted in a motion plan requiring disengagement by the Safety Driver.  The Safety Driver was able to safely take control of the vehicle.,온보드 지도의 불일치로 인해 안전 운전자의 참여를 중단해야 하는 동작 계획이 발생했습니다. 안전운전자가 차량을 안전하게 제어할 수 있었습니다.,driver,perception,localization,,,23,1,27,Friday
AVT030,2T2BGMCA2GC003882,No,Yes,Test Driver,Interstate,"The ADS incorrectly predicted the behavior of another road user, which resulted in a motion plan requiring disengagement by the Safety Driver.  The Safety Driver was able to safely take control of the vehicle.",ADS는 다른 도로 사용자의 행동을 잘못 예측하여 안전 운전자의 개입을 중단해야 하는 모션 계획을 초래했습니다. 안전운전자가 차량을 안전하게 제어할 수 있었습니다.,driver,decision,recognition,prediction,,23,9,15,Friday
AVT034,1NSCZ1CV2PC550346,YES,YES,Test Driver,Street,"While traveling on a narrow road, an incoming vehicle approached from the front traveling towards the AV. Since this is a safety critical situation, the operatpr took over.",좁은 도로를 주행하던 중 AV를 향해 주행하던 전방에서 들어오는 차량이 접근했습니다. 이는 안전이 중요한 상황이므로 운영자가 인계받았습니다.,driver,human,precaution,,,23,9,19,Tuesday
AVT034,1N4CZ1CV3PC550100,YES,YES,Test Driver,Street,"The lead vehicle stopped for stop sign was falsely identified as a ""side-parked"" vehicle while AV approached from behind resulting in AV attempting to bypass the lead vehicle. The operator intervened and look over in order to prevent the  bypass.","정지 신호를 위해 정지한 선두 차량이 ""측면 주차"" 차량으로 잘못 식별되었으며, AV가 뒤에서 접근하여 AV가 선두 차량을 우회하려고 시도했습니다. 우회를 방지하기 위해 운영자가 개입하여 살펴보았습니다.",driver,decision,recognition,traffic state,,23,10,13,Friday
AVT007,1N4BZ0CP6GC302978,NO,YES,Test Driver,Street,"The AV was initiating a lane change, another vehicle was already on the other lane. As a result, the driver safely disengaged and resumed manual control.","AV가 차선 변경을 시작하고 있었고 다른 차량이 이미 다른 차선에 있었습니다. 그 결과, 운전자는 안전하게 연결을 해제하고 수동 제어를 재개했습니다.",driver,perception,detection,missing,,23,3,8,Wednesday
AVT007,1N4BZ0CP6GC302978,NO,YES,Test Driver,Street,"The AV didn't yield to vehicle turning left while AV was turning right. As a result, Driver safely disengaged and resumed manual control.",AV는 우회전하는 동안 좌회전하는 차량에 양보하지 않았습니다. 그 결과 운전자는 안전하게 연결을 해제하고 수동 제어를 재개했습니다.,driver,decision,planning,inappropriate,,23,3,15,Wednesday
AVT007,1N4BZ0CP6GC302978,NO,YES,Test Driver,Street,"The AV stopped for a construction zone due to lane blockage. As a result, Driver safely disengaged and resumed manual control.",AV가 차선 막힘으로 인해 공사 구역으로 멈췄습니다. 그 결과 운전자는 안전하게 연결을 해제하고 수동 제어를 재개했습니다.,driver,external,obstacle,stranded,,23,5,10,Wednesday
AVT007,1N4BZ0CP6GC302978,NO,YES,Test Driver,Street,"The AV was initiating a lane change, another vehicle was already on the other lane. As a result, the driver safely disengaged and resumed manual control.","AV가 차선 변경을 시작하고 있었고 다른 차량이 이미 다른 차선에 있었습니다. 그 결과, 운전자는 안전하게 연결을 해제하고 수동 제어를 재개했습니다.",driver,perception,detection,missing,,23,10,25,Wednesday
AVT007,1N4AZ1CP7KC308251,NO,YES,Test Driver,Express Way,"The Safety driver noticed incorrect map drive lines, causing the AV to drive too close to the curb. As a result, Driver safely disengaged and resumed manual control.",안전 운전자는 잘못된 지도 주행 라인을 발견하여 AV가 연석에 너무 가깝게 주행하게 했습니다. 그 결과 운전자는 안전하게 연결을 해제하고 수동 제어를 재개했습니다.,driver,perception,localization,,,23,1,6,Friday
AVT007,1N4AZ1CP7KC308251,NO,YES,Test Driver,Express Way,"The Safety driver noticed incorrect map drive lines, causing the AV to drive too close to the curb. As a result, Driver safely disengaged and resumed manual control.",안전 운전자는 잘못된 지도 주행 라인을 발견하여 AV가 연석에 너무 가깝게 주행하게 했습니다. 그 결과 운전자는 안전하게 연결을 해제하고 수동 제어를 재개했습니다.,driver,perception,localization,,,23,1,13,Friday
AVT007,1N4AZ1CP7KC308251,NO,YES,Test Driver,Express Way,"The Safety driver noticed incorrect map drive lines, causing the AV to drive too close to the curb. As a result, Driver safely disengaged and resumed manual control.",안전 운전자는 잘못된 지도 주행 라인을 발견하여 AV가 연석에 너무 가깝게 주행하게 했습니다. 그 결과 운전자는 안전하게 연결을 해제하고 수동 제어를 재개했습니다.,driver,perception,localization,,,23,5,12,Friday
AVT007,1N4AZ1CP7KC308251,NO,YES,Test Driver,Express Way,"The Safety driver noticed incorrect map drive lines, causing the AV to drive too close to the edge of the lane marking. As a result, Driver safely disengaged and resumed manual control.",안전 운전자는 잘못된 지도 주행 라인을 발견하여 AV가 차선 표시 가장자리에 너무 가깝게 주행하게 했습니다. 그 결과 운전자는 안전하게 연결을 해제하고 수동 제어를 재개했습니다.,driver,perception,localization,,,23,6,23,Friday
AVT007,1N4AZ1CP7KC308251,NO,YES,Test Driver,Express Way,"The Safety driver noticed incorrect map drive lines, causing the AV to drive too close to the edge of the lane marking. As a result, Driver safely disengaged and resumed manual control.",안전 운전자는 잘못된 지도 주행 라인을 발견하여 AV가 차선 표시 가장자리에 너무 가깝게 주행하게 했습니다. 그 결과 운전자는 안전하게 연결을 해제하고 수동 제어를 재개했습니다.,driver,perception,localization,,,23,8,11,Friday
AVT007,1N4AZ1CP7KC308251,NO,YES,Test Driver,Express Way,"The Safety driver noticed incorrect map drive lines, causing the AV to drive too close to the the inner radius of a right hand turn. As a result, Driver safely disengaged and resumed manual control.",안전 운전자는 잘못된 지도 주행 라인을 발견하여 AV가 우회전의 내부 반경에 너무 가깝게 주행하게 했습니다. 그 결과 운전자는 안전하게 연결을 해제하고 수동 제어를 재개했습니다.,driver,perception,localization,,,23,9,15,Friday
AVT007,1N4AZ1CP7KC308251,NO,YES,Test Driver,Express Way,"The Safety driver noticed incorrect map drive lines, causing the AV to drive too close to the edge of the lane marking. As a result, Driver safely disengaged and resumed manual control.",안전 운전자는 잘못된 지도 주행 라인을 발견하여 AV가 차선 표시 가장자리에 너무 가깝게 주행하게 했습니다. 그 결과 운전자는 안전하게 연결을 해제하고 수동 제어를 재개했습니다.,driver,perception,localization,,,23,9,22,Friday
AVT007,1N4AZ1CP7KC308251,NO,YES,Test Driver,Express Way,"The Safety driver noticed incorrect map drive lines, causing the AV to drive too close to the the inner radius of a right hand turn. As a result, Driver safely disengaged and resumed manual control.",안전 운전자는 잘못된 지도 주행 라인을 발견하여 AV가 우회전의 내부 반경에 너무 가깝게 주행하게 했습니다. 그 결과 운전자는 안전하게 연결을 해제하고 수동 제어를 재개했습니다.,driver,perception,localization,,,23,10,20,Friday
AVT007,1N4AZ1CP9KC308252,NO,YES,Test Driver,Express Way,"The Safety driver noticed incorrect map drive lines, causing the AV to drive too close to the the inner radius of a right hand turn. As a result, Driver safely disengaged and resumed manual control.",안전 운전자는 잘못된 지도 주행 라인을 발견하여 AV가 우회전의 내부 반경에 너무 가깝게 주행하게 했습니다. 그 결과 운전자는 안전하게 연결을 해제하고 수동 제어를 재개했습니다.,driver,perception,localization,,,23,5,19,Friday
AVT007,1N4AZ1CP9KC308252,NO,YES,Test Driver,Express Way,"The AV wasn't yielding enough to a vehicle merging and allowing enough gap for a confortable merge. As a result, Driver safely disengaged and resumed manual control.",AV는 차량 병합에 충분하지 않았고 편안한 병합을 위한 충분한 간격을 허용하지 않았습니다. 그 결과 운전자는 안전하게 연결을 해제하고 수동 제어를 재개했습니다.,driver,decision,planning,inappropriate,,23,8,11,Friday
AVT007,1N4AZ1CP9KC308252,NO,YES,Test Driver,Express Way,"The AV wasn't yielding enough to a vehicle merging and allowing enough gap for a confortable merge. As a result, Driver safely disengaged and resumed manual control.",AV는 차량 병합에 충분하지 않았고 편안한 병합을 위한 충분한 간격을 허용하지 않았습니다. 그 결과 운전자는 안전하게 연결을 해제하고 수동 제어를 재개했습니다.,driver,decision,planning,inappropriate,,23,8,18,Friday
AVT007,1N4AZ1CP9KC308252,NO,YES,Test Driver,Express Way,"The AV wasn't yielding enough to a vehicle merging and allowing enough gap for a confortable merge. As a result, Driver safely disengaged and resumed manual control.",AV는 차량 병합에 충분하지 않았고 편안한 병합을 위한 충분한 간격을 허용하지 않았습니다. 그 결과 운전자는 안전하게 연결을 해제하고 수동 제어를 재개했습니다.,driver,decision,planning,inappropriate,,23,10,13,Friday
AVT007,1N4AZ1CP9KC308252,NO,YES,Test Driver,Express Way,"The AV wasn't yielding enough to a vehicle merging and allowing enough gap for a confortable merge. As a result, Driver safely disengaged and resumed manual control.",AV는 차량 병합에 충분하지 않았고 편안한 병합을 위한 충분한 간격을 허용하지 않았습니다. 그 결과 운전자는 안전하게 연결을 해제하고 수동 제어를 재개했습니다.,driver,decision,planning,inappropriate,,23,10,27,Friday
AVT078,KMHL34J27NA204044,No,Yes,Test driver,Freeway ,"Overcast, heavy traffic, 15 miles, another vehicle crossed in front of our test vehicle at high speed into our lane and then continued to the next lane. Our AV System tracks the vechicle immediately in front of our test vehicle so the AV System accelerated BUT after the high speed vehicle passed to the next lane, the car immediately in front was stopped! The test driver applied the brakes and the AV system automaticaly disengaged.",흐리고 교통량이 많은 15마일 거리에서 다른 차량이 테스트 차량 앞을 고속으로 가로질러 우리 차선으로 진입한 후 다음 차선으로 계속 이동했습니다. 우리의 AV 시스템은 테스트 차량 바로 앞의 차량을 추적하므로 AV 시스템이 가속되었지만 고속 차량이 다음 차선으로 통과한 후 바로 앞의 차량이 정지되었습니다! 테스트 운전자가 브레이크를 밟자 AV 시스템이 자동으로 해제되었습니다.,driver,external,intervention,vehicle,,23,1,24,Tuesday
 AVT004,KMHKM4AEXM1P98002,No,Yes,Test Driver,Street,Precautionary Takeover: Disengaged due to a vehicle platform software issue within the Autonomous Vehicle's (AV) controller interface sub-system,예방적 인수: 자율주행차(AV) 컨트롤러 인터페이스 하위 시스템 내의 차량 플랫폼 소프트웨어 문제로 인해 해제되었습니다.,driver,internal,SW,,,23,3,14,Tuesday
 AVT004,KMHKM4AE2M1P98012,No,Yes,Test Driver,Street,Precautionary Takeover: Disengaged due to a vehicle platform software issue within the Autonomous Vehicle's (AV) controller interface sub-system,예방적 인수: 자율주행차(AV) 컨트롤러 인터페이스 하위 시스템 내의 차량 플랫폼 소프트웨어 문제로 인해 해제되었습니다.,driver,internal,SW,,,23,8,29,Tuesday
 AVT004,KMHKM4AE3M1P98004,No,Yes,Test Driver,Street,Precautionary Takeover: Disengaged due to a vehicle platform software issue within the Autonomous Vehicle's (AV) controller interface sub-system,예방적 인수: 자율주행차(AV) 컨트롤러 인터페이스 하위 시스템 내의 차량 플랫폼 소프트웨어 문제로 인해 해제되었습니다.,driver,internal,SW,,,23,2,15,Wednesday
 AVT004,KMHKM4AE2M1P98012,No,Yes,Test Driver,Street,Precautionary Takeover: Disengaged due to a vehicle platform software issue within the Autonomous Vehicle's (AV) controller interface sub-system,예방적 인수: 자율주행차(AV) 컨트롤러 인터페이스 하위 시스템 내의 차량 플랫폼 소프트웨어 문제로 인해 해제되었습니다.,driver,internal,SW,,,23,3,3,Friday
 AVT004,KMHKM4AEXM1P98002,No,Yes,Test Driver,Street,Precautionary Takeover: Disengaged due to a vehicle platform software issue within the Autonomous Vehicle's (AV) controller interface sub-system,예방적 인수: 자율 주행차(AV) 컨트롤러 인터페이스 하위 시스템 내의 차량 플랫폼 소프트웨어 문제로 인해 해제됨,driver,internal,SW,,,23,4,3,Monday
 AVT004,KMHKM4AE8M1P98029,No,Yes,Test Driver,Street,Precautionary Takeover: Disengaged due to a vehicle platform software issue within the Autonomous Vehicle's (AV) controller interface sub-system,예방적 인수: 자율주행차(AV) 컨트롤러 인터페이스 하위 시스템 내의 차량 플랫폼 소프트웨어 문제로 인해 해제되었습니다.,driver,internal,SW,,,23,9,1,Friday
 AVT004,KMHKM4AE0M1P98011,No,Yes,Test Driver,Street,Precautionary Takeover: Disengaged due to a vehicle platform software issue within the Autonomous Vehicle's (AV) controller interface sub-system,예방적 인수: 자율주행차(AV) 컨트롤러 인터페이스 하위 시스템 내의 차량 플랫폼 소프트웨어 문제로 인해 해제되었습니다.,driver,internal,SW,,,23,2,8,Wednesday
 AVT004,KMHKM4AE3M1P98004,No,Yes,Test Driver,Street,Precautionary Takeover: Disengaged due to a vehicle platform software issue within the Autonomous Vehicle's (AV) controller interface sub-system,예방적 인수: 자율주행차(AV) 컨트롤러 인터페이스 하위 시스템 내의 차량 플랫폼 소프트웨어 문제로 인해 해제되었습니다.,driver,internal,SW,,,23,2,8,Wednesday
 AVT004,KMHKM4AE8M1P98029,No,Yes,Test Driver,Street,Precautionary Takeover: Disengaged due to a vehicle platform software issue pertinent to the compute infrastructure sub-system,예방적 인수: 컴퓨팅 인프라 하위 시스템과 관련된 차량 플랫폼 소프트웨어 문제로 인해 중단되었습니다.,driver,internal,SW,,,23,6,23,Friday
 AVT004,KMHKM4AE2M1P98012,No,Yes,Test Driver,Street,Precautionary Takeover: Disengaged due to a vehicle platform software issue within the Autonomous Vehicle's (AV) controller interface sub-system,예방적 인수: 자율주행차(AV) 컨트롤러 인터페이스 하위 시스템 내의 차량 플랫폼 소프트웨어 문제로 인해 해제되었습니다.,driver,internal,SW,,,23,3,13,Monday
 AVT004,KMHKM4AE8M1P98029,No,Yes,Test Driver,Street,Precautionary Takeover: Disengaged due to a vehicle platform software issue pertinent to the compute infrastructure sub-system,예방적 인수: 컴퓨팅 인프라 하위 시스템과 관련된 차량 플랫폼 소프트웨어 문제로 인해 중단되었습니다.,driver,internal,SW,,,23,6,23,Friday
 AVT004,KMHKM4AE0M1P98011,No,Yes,Test Driver,Street,Precautionary Takeover: Disengaged due to a vehicle platform software issue within the Autonomous Vehicle's (AV) controller interface sub-system,예방적 인수: 자율주행차(AV) 컨트롤러 인터페이스 하위 시스템 내의 차량 플랫폼 소프트웨어 문제로 인해 해제되었습니다.,driver,internal,SW,,,23,2,7,Tuesday
 AVT004,KMHKM4AEXM1P98016,No,Yes,Test Driver,Street,Precautionary Takeover: Disengaged due to a vehicle platform software issue within the Autonomous Vehicle's (AV) controller interface sub-system,예방적 인수: 자율주행차(AV) 컨트롤러 인터페이스 하위 시스템 내의 차량 플랫폼 소프트웨어 문제로 인해 해제되었습니다.,driver,internal,SW,,,23,8,1,Tuesday
 AVT004,KMHKM4AE6M1P98031,No,Yes,Test Driver,Street,Precautionary Takeover: Disengaged due to a vehicle platform software issue pertinent to the compute infrastructure sub-system,예방적 인수: 컴퓨팅 인프라 하위 시스템과 관련된 차량 플랫폼 소프트웨어 문제로 인해 중단되었습니다.,driver,internal,SW,,,23,6,9,Friday
 AVT004,KMHKM4AE2M1P98012,No,Yes,Test Driver,Street,Precautionary Takeover: Disengaged due to a vehicle platform software issue within the Autonomous Vehicle's (AV) controller interface sub-system,예방적 인수: 자율주행차(AV) 컨트롤러 인터페이스 하위 시스템 내의 차량 플랫폼 소프트웨어 문제로 인해 해제되었습니다.,driver,internal,SW,,,23,3,9,Thursday
 AVT004,KMHKM4AE6M1P98031,No,Yes,Test Driver,Street,Precautionary Takeover: Disengaged due to a vehicle platform software issue within the Autonomous Vehicle's (AV) controller interface sub-system,예방적 인수: 자율주행차(AV) 컨트롤러 인터페이스 하위 시스템 내의 차량 플랫폼 소프트웨어 문제로 인해 해제되었습니다.,driver,internal,SW,,,23,7,14,Friday
 AVT004,KMHKM4AE2M1P98012,No,Yes,Test Driver,Street,Precautionary Takeover: Disengaged due to a vehicle platform software issue within the Autonomous Vehicle's (AV) controller interface sub-system,예방적 인수: 자율주행차(AV) 컨트롤러 인터페이스 하위 시스템 내의 차량 플랫폼 소프트웨어 문제로 인해 해제되었습니다.,driver,internal,SW,,,23,11,28,Tuesday
 AVT004,KMHKM4AE2M1P98012,No,Yes,Test Driver,Street,Precautionary Takeover: Disengaged due to a vehicle platform software issue within the Autonomous Vehicle's (AV) controller interface sub-system,예방적 인수: 자율주행차(AV) 컨트롤러 인터페이스 하위 시스템 내의 차량 플랫폼 소프트웨어 문제로 인해 해제되었습니다.,driver,internal,SW,,,23,4,6,Thursday
 AVT004,KMHKM4AE2M1P98012,No,Yes,Test Driver,Street,Precautionary Takeover: Disengaged due to a vehicle platform software issue related to the sensor data processing pipelines,예방적 인수: 센서 데이터 처리 파이프라인과 관련된 차량 플랫폼 소프트웨어 문제로 인해 중단되었습니다.,driver,internal,SW,,,23,10,25,Wednesday
 AVT004,KMHKM4AE2M1P98012,No,Yes,Test Driver,Street,Precautionary Takeover: Disengaged due to a vehicle platform software issue within the Autonomous Vehicle's (AV) controller interface sub-system,예방적 인수: 자율주행차(AV) 컨트롤러 인터페이스 하위 시스템 내의 차량 플랫폼 소프트웨어 문제로 인해 해제되었습니다.,driver,internal,SW,,,23,9,29,Friday
AVT006,WDD2221591A470497,No,Yes,Test Driver,Street,Accelerator pedal pressed to increase velocity of the vehicle. Driver took over due to fallback trajectory error.,차량의 속도를 높이기 위해 가속 페달을 밟았습니다. 폴백 궤적 오류로 인해 드라이버가 인계받았습니다.,driver,decision,planning,infeasible,,23,4,11,Tuesday
AVT006,WDD2221591A470497,No,Yes,AV System,Street,Localization module detected a localizer incident.,현지화 모듈이 현지화 사건을 감지했습니다.,ADS,perception,localization,,,23,2,23,Thursday
AVT006,WDD2221591A470497,No,Yes,Test Driver,Street,Accelerator pedal pressed to increase velocity of the vehicle. Driver took over because ego vehicle got stuck at stop sign.,차량의 속도를 높이기 위해 가속 페달을 밟았습니다. 자가 차량이 정지 신호에 멈춰서 운전자가 인계받았습니다.,driver,external,obstacle,stranded,,23,5,24,Wednesday
AVT006,WDD2221591A470796,No,Yes,Test Driver,Street,Accelerator pedal pressed to increase velocity of the vehicle. Driver took over due to improper yielding to a pedestrian near roadway during left turn.,차량의 속도를 높이기 위해 가속 페달을 밟았습니다. 좌회전 중 도로 근처에서 보행자에게 부적절한 양보를 하여 운전자가 인계받았습니다.,driver,decision,planning,inappropriate,,23,4,18,Tuesday
AVT006,WDD2221591A470796,No,Yes,AV System,Street,"Planning trajectory is in timeout, cycle time broken.",계획 궤적이 시간 초과되어 주기 시간이 중단되었습니다.,ADS,decision,planning,unknown,,23,11,16,Thursday
AVT006,WDD2221591A470497,No,Yes,Test Driver,Street,Brake pedal pressed to reduce the velocity of the vehicle. Driver took over due to creeping forward at a red light.,차량의 속도를 줄이기 위해 브레이크 페달을 밟았습니다. 운전자가 빨간불에 앞으로 살금살금 다가가서 인계받았습니다.,driver,control,discomfort,aggressive,,23,6,29,Thursday
AVT006,WDD2221591A470497,No,Yes,Test Driver,Highway,Driver disengaged with steering input. Driver took over for drifting behavior due to poor localization.,운전자가 조향 입력으로 인해 연결이 해제되었습니다. 위치 파악이 제대로 되지 않아 운전자가 표류 행위를 대신했습니다.,driver,perception,localization,,,23,10,17,Tuesday
AVT006,WDD2221591A470497,No,Yes,Test Driver,Highway,Accelerator pedal pressed to increase velocity of the vehicle. Driver took over because ego vehicle failed to initiate and complete a lane change in the allotted space.,차량의 속도를 높이기 위해 가속 페달을 밟았습니다. 자가 차량이 할당된 공간에서 차선 변경을 시작하고 완료하지 못했기 때문에 운전자가 인계받았습니다.,driver,decision,planning,infeasible,,23,4,13,Thursday
AVT006,WDD2221591A470796,No,Yes,Test Driver,Street,Accelerator pedal pressed to increase velocity of the vehicle. Driver took over for overly slow approach to a stop sign.,차량의 속도를 높이기 위해 가속 페달을 밟았습니다. 운전자가 정지 신호에 너무 느리게 접근하여 운전을 맡았습니다.,driver,control,discomfort,cautious,,23,4,18,Tuesday
AVT006,WDD2221591A470497,No,Yes,Test Driver,Street,Accelerator pedal pressed to increase velocity of the vehicle. Accidental takeover during lane change.,차량의 속도를 높이기 위해 가속 페달을 밟았습니다. 차선 변경 중 우발적인 차량 인수.,driver,human,fault,,,23,2,23,Thursday
AVT006,WDD2221591A470497,No,Yes,Test Driver,Street,Accelerator pedal pressed to increase velocity of the vehicle. Driver took over for improper yielding to a pedestrian near the roadway.,차량의 속도를 높이기 위해 가속 페달을 밟았습니다. 도로 근처에서 보행자에게 부적절하게 양보를 하여 운전자가 운전을 맡았습니다.,driver,decision,planning,inappropriate,,23,6,1,Thursday
AVT006,WDD2221591A470497,No,Yes,AV System,Street,"Planning trajectory is in timeout, cycle time broken.",계획 궤적이 시간 초과되어 주기 시간이 중단되었습니다.,ADS,decision,planning,unknown,,23,3,23,Thursday
AVT006,WDD2221591A470497,No,Yes,Test Driver,Street,Driver disengaged with steering input. Driver took over for improper lane change attempt without appropriate space.,운전자가 조향 입력으로 인해 연결이 해제되었습니다. 적절한 공간 없이 부적절한 차선 변경을 시도한 운전자가 이를 대신했습니다.,driver,decision,planning,inappropriate,,23,7,27,Thursday
AVT006,WDD2221591A470497,No,Yes,AV System,Street,Planning behavior provider module state error.,계획 동작 제공자 모듈 상태 오류입니다.,ADS,internal,SW,,,23,4,4,Tuesday
AVT006,WDD2221591A470497,No,Yes,Test Driver,Street,Brake pedal pressed to reduce the velocity of the vehicle. Driver took over for ego vehicle failing to yield to oncoming traffic during left turn.,차량 속도를 줄이기 위해 브레이크 페달을 밟았습니다. 운전자가 좌회전 시 다가오는 차량에 양보하지 않아 에고 차량을 인수했습니다.,driver,decision,planning,inappropriate,,23,5,18,Thursday
AVT006,WDD2221591A470497,No,Yes,AV System,Street,"Planning trajectory is in timeout, cycle time broken.",계획 궤적이 시간 초과되어 주기 시간이 중단되었습니다.,ADS,decision,planning,unknown,,23,2,22,Wednesday
AVT006,WDD2221591A470497,No,Yes,AV System,Street,Maps incident detected.,지도 관련 사건이 감지되었습니다.,ADS,perception,localization,,,23,11,9,Thursday
AVT006,WDD2221591A470796,No,Yes,AV System,Street,Fusion Dynamic World reported a Sensor Fusion relevant incident.,Fusion Dynamic World에서 Sensor Fusion 관련 사건을 보고했습니다.,ADS,perception,sensor,,,23,8,24,Thursday
AVT006,WDD2221591A470796,No,Yes,Test Driver,Street,Brake pedal pressed to reduce the velocity of the vehicle. Driver took over for a failure to yield at a required yield.,차량의 속도를 줄이기 위해 브레이크 페달을 밟았습니다. 운전자가 요구된 생산량으로 양보하지 못하여 인계받았습니다.,driver,control,discomfort,aggressive,,23,8,31,Thursday
AVT006,WDD2221591A470796,No,Yes,Test Driver,Street,Accelerator pedal pressed to increase velocity of the vehicle. Driver took over because ego vehicle was stuck at green light.,차량의 속도를 높이기 위해 가속 페달을 밟았습니다. 자가 차량이 녹색 신호에 멈춰 있었기 때문에 운전자가 인계받았습니다.,driver,control,discomfort,inappropriate,,23,4,18,Tuesday
AVT017,2C4RC1N77LR190366,No,Yes,Test Driver,Street,Manual disengagement after a scooter made contact with the AV.,스쿠터가 AV와 접촉한 후 수동으로 분리됩니다.,driver,external,intervention,vehicle,yes,23,6,29,Thursday
AVT017,3LN6L5LU2HR615153,No,Yes,Test Driver,Street,"Manual disengagement as the AV had hardware irregularity. The HMI (human machine interface) of the AV system demonstrated abnormal behavior, causing the safety operator manually disengaged the AV.",AV에 하드웨어 불규칙성이 있어 수동으로 분리했습니다. AV 시스템의 HMI(인간 기계 인터페이스)가 비정상적인 동작을 보여 안전 작업자가 AV를 수동으로 해제하게 되었습니다.,driver,internal,HW,,,23,9,6,Wednesday
AVT017,3LN6L2LU4GR629715,No,Yes,AV System,Street,"The AV system exited autonomous mode due to hardware irregularity. While the car crossed a bumpy intersection, the AV system detected abnormal car status data, causing it to exit autonomous mode.",하드웨어 불규칙으로 인해 AV 시스템이 자동 모드를 종료했습니다. 차량이 울퉁불퉁한 교차로를 건너는 동안 AV 시스템이 비정상적인 차량 상태 데이터를 감지하여 자율 모드를 종료했습니다.,ADS,internal,HW,,,23,10,16,Monday
AVT037,5TDYRKEC7MS056267,No,Yes,AV System,Highway,System software failure in the perception module while proceeding straight with medium traffic on highway in cloudy weather.,흐린 날씨에 고속도로에서 교통량이 보통인 상태에서 직진하는 동안 인식 모듈의 시스템 소프트웨어 오류가 발생했습니다.,ADS,internal,SW,,,23,8,25,Friday
AVT037,5TDYRKEC7MS056267,No,Yes,AV System,Highway,System software failure in the perception module while proceeding straight on an onramp with low traffic on highway in cloudy weather. Hazards activated prior to software disengagement.,흐린 날씨에 고속도로에서 교통량이 적은 진입로에서 직진하는 동안 인식 모듈의 시스템 소프트웨어 오류가 발생했습니다. 소프트웨어가 분리되기 전에 활성화된 위험.,ADS,internal,SW,,,23,8,25,Friday
AVT037,5TDYRKEC7MS056267,No,Yes,AV System,Street,System software failure in the mapping module when detecting an incorrectly mapped traffic light at an intersection in clear weather. ,맑은 날씨에 교차로에서 잘못 매핑된 신호등을 감지하면 매핑 모듈의 시스템 소프트웨어 오류가 발생합니다.,ADS,perception,localization,,,23,8,17,Thursday
AVT037,5TDYRKEC7MS056267,No,Yes,AV System,Street,A system software failure in the planner module during lane change on surface street approaching an intersection in cloudy weather likely due to the curvature of the mapped lane. ,흐린 날씨에 교차로에 접근하는 노면 도로에서 차선 변경 중 플래너 모듈의 시스템 소프트웨어 오류는 매핑된 차선의 곡률로 인해 발생했을 수 있습니다.,ADS,external,geometry,curvature,,23,8,25,Friday
AVT037,5TDYRKEC7MS056267,No,Yes,AV System,Highway,System software failure in the perception module while proceeding straight with low traffic on highway in cloudy weather.,흐린 날씨에 교통량이 적은 고속도로에서 직진 중 인식 모듈의 시스템 소프트웨어 오류.,ADS,internal,SW,,,23,8,25,Friday
AVT037,5TDYRKEC7MS056267,No,Yes,AV System,Highway,System software failure in the perception module while proceeding straight with medium traffic on highway in cloudy weather.,흐린 날씨에 고속도로에서 교통량이 보통인 상태에서 직진하는 동안 인식 모듈의 시스템 소프트웨어 오류가 발생했습니다.,ADS,internal,SW,,,23,8,25,Friday
AVT037,5TDYRKEC7MS056267,No,Yes,AV System,Highway,"System software failure in the perception module while proceeding straight with medium traffic on highway, in cloudy weather.",흐린 날씨에 고속도로에서 교통량이 보통인 상태로 직진하는 동안 인식 모듈의 시스템 소프트웨어 오류가 발생했습니다.,ADS,internal,SW,,,23,8,25,Friday
AVT037,5TDYRKEC7MS056267,No,Yes,AV System,Highway,System software failure in the planning module while entering a cloverleaf ramp on the highway due to a policy disengagement zone in clear weather. ,맑은 날씨에 고속도로의 클로버리프 램프에 진입하던 중 정책 해제 구역으로 인해 계획 모듈에서 시스템 소프트웨어 오류가 발생했습니다.,ADS,external,geometry,regulation,,23,7,17,Monday
AVT037,5TDYRKEC7MS056267,No,Yes,AV System,Highway,System software failure in the perception module while proceeding straight with low traffic on highway in cloudy weather.,흐린 날씨에 교통량이 적은 고속도로에서 직진 중 인식 모듈의 시스템 소프트웨어 오류.,ADS,internal,SW,,,23,8,25,Friday
AVT037,5TDYRKEC7MS056267,No,Yes,AV System,Highway,System software failure in the planning module while entering a cloverleaf ramp on the highway due to a policy disengagement zone in clear weather. ,맑은 날씨에 정책 해제 구역으로 인해 고속도로의 클로버잎 경사로에 진입하는 동안 계획 모듈의 시스템 소프트웨어 오류가 발생했습니다.,ADS,external,geometry,regulation,,23,7,25,Tuesday
AVT037,5TDYRKEC7MS056267,No,Yes,AV System,Highway,System software failure in the perception module while proceeding straight with medium traffic on highway in cloudy weather.,흐린 날씨에 고속도로에서 교통량이 보통인 상태에서 직진하는 동안 인식 모듈의 시스템 소프트웨어 오류가 발생했습니다.,ADS,internal,SW,,,23,8,25,Friday
AVT037,5TDYRKEC7MS056267,No,Yes,AV System,Highway,System software failure in the perception module while proceeding straight with low traffic on highway in cloudy weather.,흐린 날씨에 교통량이 적은 고속도로에서 직진 중 인식 모듈의 시스템 소프트웨어 오류.,ADS,internal,SW,,,23,8,25,Friday
AVT037,5TDYRKEC7MS056267,No,Yes,AV System,Street,System software failure in the perception module while stopped at a stoplight at an intersection with an adjacent vehicle in surface street in cloudy weather.,흐린 날씨에 노면 도로에서 인접한 차량과의 교차로에서 신호등에 정지된 동안 인식 모듈의 시스템 소프트웨어 오류.,ADS,internal,SW,,,23,8,25,Friday
AVT037,5TDYRKEC7MS056267,No,Yes,AV System,Highway,System software failure in the perception module while proceeding straight with low traffic on highway in cloudy weather.,흐린 날씨에 교통량이 적은 고속도로에서 직진 중 인식 모듈의 시스템 소프트웨어 오류.,ADS,internal,SW,,,23,8,25,Friday
AVT037,5TDYRKEC7MS056267,No,Yes,AV System,Highway,System software failure in the perception module while proceeding straight with medium traffic on highway in cloudy weather.,흐린 날씨에 고속도로에서 교통량이 보통인 상태에서 직진하는 동안 인식 모듈의 시스템 소프트웨어 오류가 발생했습니다.,ADS,internal,SW,,,23,8,25,Friday
AVT037,5TDYRKEC7MS056267,No,Yes,AV System,Highway,System software failure in the perception module while proceeding straight with low traffic on highway in cloudy weather.,흐린 날씨에 교통량이 적은 고속도로에서 직진 중 인식 모듈의 시스템 소프트웨어 오류.,ADS,internal,SW,,,23,8,25,Friday
AVT037,5TDYRKEC7MS056267,No,Yes,AV System,Highway,System software failure in the planning module while proceeding straight with low traffic on highway in cloudy weather.,흐린 날씨에 교통량이 적은 고속도로에서 직진하는 동안 계획 모듈의 시스템 소프트웨어 오류가 발생했습니다.,ADS,internal,SW,,,23,6,26,Monday
AVT037,5TDYRKEC7MS056267,No,Yes,AV System,Highway,System software failure in the perception module while proceeding straight with low traffic on highway in cloudy weather.,흐린 날씨에 교통량이 적은 고속도로에서 직진 중 인식 모듈의 시스템 소프트웨어 오류.,ADS,internal,SW,,,23,8,25,Friday
AVT037,5TDYRKEC7MS056267,No,Yes,AV System,Highway,System software failure in the planning module while entering a cloverleaf ramp on the highway due to a policy disengagement zone in clear weather. ,맑은 날씨에 정책 해제 구역으로 인해 고속도로의 클로버잎 경사로에 진입하는 동안 계획 모듈의 시스템 소프트웨어 오류가 발생했습니다.,ADS,external,geometry,regulation,,23,7,11,Tuesday
AVT037,5TDYRKEC7MS056267,No,Yes,AV System,Highway,System software failure in the perception module while proceeding straight with low traffic on highway in cloudy weather.,흐린 날씨에 교통량이 적은 고속도로에서 직진 중 인식 모듈의 시스템 소프트웨어 오류.,ADS,internal,SW,,,23,8,25,Friday
AVT036,4T1B21HK3KU514477,No,Yes,Test driver,Highway,"Safety Driver disengaged autonomous mode upon judging that vehicle was too close to road/lane boundary. Root cause: object, lane detection or other issue. Conditions: Non-inclement weather, dry roads, no other factors involved.","안전 운전자는 차량이 도로/차선 경계에 너무 가깝다고 판단하여 자율 모드를 해제했습니다. 근본 원인: 물체, 차선 감지 또는 기타 문제. 조건: 악천후가 아니고 도로가 건조하며 기타 요인이 관련되지 않습니다.",driver,perception,localization,,,23,6,12,Monday
AVT036,4T1B21HK6KU514747,No,Yes,Test driver,Freeway,"Safety Driver disengaged autonomous mode upon judging that vehicle was too close to road/lane boundary. Root cause: object, lane detection or other issue. Conditions: Non-inclement weather, dry roads, no other factors involved.","안전 운전자는 차량이 도로/차선 경계에 너무 가깝다고 판단하여 자율 모드를 해제했습니다. 근본 원인: 물체, 차선 감지 또는 기타 문제. 조건: 악천후가 아니고 도로가 건조하며 기타 요인이 관련되지 않습니다.",driver,perception,localization,,,23,5,8,Monday
AVT036,4T1B21HK6KU514747,No,Yes,Test driver,Street,"Safety Driver disengaged autonomous mode to perform a steering maneuver to correct the trajectory of the vehicle. Root cause: trajectory calculation issue. Conditions: Non-inclement weather, dry roads, no other factors involved.",안전 운전자는 차량의 궤적을 수정하기 위해 조향 조작을 수행하기 위해 자율 모드를 해제했습니다. 근본 원인: 궤도 계산 문제. 조건: 악천후가 아니고 도로가 건조하며 기타 요인이 관련되지 않습니다.,driver,decision,planning,inappropriate,,23,10,2,Monday
AVT036,4T1B21HK3KU514477,No,Yes,Test driver,Freeway,"Safety Driver disengaged autonomous mode upon judging that vehicle was too close to road/lane boundary. Root cause: object, lane detection or other issue. Conditions: Non-inclement weather, dry roads, no other factors involved.","안전 운전자는 차량이 도로/차선 경계에 너무 가깝다고 판단하여 자율 모드를 해제했습니다. 근본 원인: 물체, 차선 감지 또는 기타 문제. 조건: 악천후가 아니고 도로가 건조하며 기타 요인이 관련되지 않습니다.",driver,perception,localization,,,23,3,30,Thursday
AVT036,4T1B21HK3KU514477,No,Yes,Test driver,Street,"Safety Driver disengaged autonomous mode due to inappropriate braking, caused by falsely percepted stop line issue.  Root cause: object detection issue. Conditions: Non-inclement weather, dry roads, no other factors involved.",안전 운전자가 잘못 인식한 정지선 문제로 인해 부적절한 제동으로 인해 자율 모드가 해제되었습니다. 근본 원인: 개체 감지 문제. 조건: 악천후가 아니고 도로가 건조하며 기타 요인이 관련되지 않습니다.,driver,perception,detection,error,,23,10,9,Monday
AVT036,4T1B21HK3KU514477,No,Yes,Test driver,Street,"Safety Driver disengaged autonomous mode as a precaution for keeping distance from vehicle parked on side. Root cause: precaution. Conditions: Non-inclement weather, dry roads, no other factors involved.",안전 운전자는 측면에 주차된 차량과의 거리를 유지하기 위한 예방 조치로 자율 모드를 해제했습니다. 근본 원인: 주의 사항. 조건: 악천후가 아니고 도로가 건조하며 기타 요인이 관련되지 않습니다.,driver,human,precaution,,,23,11,29,Wednesday
AVT036,4T1B21HK6KU514747,No,Yes,Test driver,Freeway,"Safety Driver disengaged autonomous mode upon judging that vehicle was too close to road/lane boundary during an exit/merge manuever. Root cause: lane detection or other issue. Conditions: Non-inclement weather, dry roads, no other factors involved.",안전 운전자는 출구/합류 조작 중에 차량이 도로/차선 경계에 너무 가깝다고 판단하여 자율 모드를 해제했습니다. 근본 원인: 차선 감지 또는 기타 문제. 조건: 악천후가 아니고 도로가 건조하며 기타 요인이 관련되지 않습니다.,driver,perception,localization,,,23,6,21,Wednesday
AVT036,4T1B21HK3KU514477,No,Yes,Test driver,Freeway,"Safety Driver disengaged autonomous mode due to issue with catching up maneuver because of insufficient distance keeping from other vehicles. Root cause: object detection or other issue. Conditions: Non-inclement weather, dry roads, no other factors involved.","안전 운전자가 다른 차량과의 거리를 충분히 유지하지 못해 따라잡기 기동에 문제가 있어 자율 주행 모드를 해제했습니다. 근본 원인: 물체 감지 또는 기타 문제. 조건: 악천후 아님, 도로 건조, 기타 요인 없음.",driver,perception,localization,,,23,4,21,Friday
AVT036,4T1B21HK6KU514747,No,Yes,Test driver,Street,"Safety Driver disengaged autonomous mode upon judging that vehicle was too close to road/lane boundary. Root cause: object, lane detection or other issue. Conditions: Non-inclement weather, dry roads, no other factors involved.","안전 운전자는 차량이 도로/차선 경계에 너무 가깝다고 판단하여 자율 모드를 해제했습니다. 근본 원인: 물체, 차선 감지 또는 기타 문제. 조건: 악천후가 아니고 도로가 건조하며 기타 요인이 관련되지 않습니다.",driver,perception,localization,,,23,10,6,Friday
AVT036,4T1B21HK6KU514747,No,Yes,Test driver,Freeway,"Safety Driver disengaged autonomous mode upon judging that vehicle was too close to road/lane boundary. Root cause: object, lane detection or other issue. Conditions: Non-inclement weather, dry roads, no other factors involved.","안전 운전자는 차량이 도로/차선 경계에 너무 가깝다고 판단하여 자율 모드를 해제했습니다. 근본 원인: 물체, 차선 감지 또는 기타 문제. 조건: 악천후가 아니고 도로가 건조하며 기타 요인이 관련되지 않습니다.",driver,perception,localization,,,23,4,14,Friday
AVT036,4T1B21HK3KU514477,No,Yes,Test driver,Freeway,"Safety Driver disengaged autonomous mode upon judging that vehicle was too close to road/lane boundary during an exit/merge manuever. Root cause: lane detection or other issue. Conditions: Non-inclement weather, dry roads, no other factors involved.",안전 운전자는 출구/합류 조작 중에 차량이 도로/차선 경계에 너무 가깝다고 판단하여 자율 모드를 해제했습니다. 근본 원인: 차선 감지 또는 기타 문제. 조건: 악천후가 아니고 도로가 건조하며 기타 요인이 관련되지 않습니다.,driver,perception,localization,,,23,5,30,Tuesday
AVT036,4T1B21HK6KU514747,No,Yes,Test driver,Freeway,"Safety Driver disengaged autonomous mode upon judging that vehicle was too close to road/lane boundary. Root cause: object, lane detection or other issue. Conditions: Non-inclement weather, dry roads, no other factors involved.","안전 운전자는 차량이 도로/차선 경계에 너무 가깝다고 판단하여 자율 모드를 해제했습니다. 근본 원인: 물체, 차선 감지 또는 기타 문제. 조건: 악천후가 아니고 도로가 건조하며 기타 요인이 관련되지 않습니다.",driver,perception,localization,,,23,5,19,Friday
AVT036,4T1B21HK6KU514747,No,Yes,Test driver,Street,"Safety Driver disengaged autonomous mode upon judging that vehicle was too close to road/lane boundary. Root cause: object, lane detection or other issue. Conditions: Non-inclement weather, dry roads, no other factors involved.","안전 운전자는 차량이 도로/차선 경계에 너무 가깝다고 판단하여 자율 모드를 해제했습니다. 근본 원인: 물체, 차선 감지 또는 기타 문제. 조건: 악천후가 아니고 도로가 건조하며 기타 요인이 관련되지 않습니다.",driver,perception,localization,,,23,10,11,Wednesday
AVT036,4T1B21HK3KU514477,No,Yes,Test driver,Street,"Safety Driver disengaged autonomous mode to perform a steering maneuver to correct the trajectory of the vehicle. Root cause: trajectory calculation issue. Conditions: Non-inclement weather, dry roads, no other factors involved.",안전 운전자는 차량의 궤적을 수정하기 위해 조향 조작을 수행하기 위해 자율 모드를 해제했습니다. 근본 원인: 궤도 계산 문제. 조건: 악천후가 아니고 도로가 건조하며 기타 요인이 관련되지 않습니다.,driver,decision,planning,inappropriate,,23,11,30,Thursday
AVT036,4T1B21HK6KU514747,No,Yes,Test driver,Highway,"Safety Driver disengaged autonomous mode upon judging that vehicle was too close to road/lane boundary. Root cause: object, lane detection or other issue. Conditions: Non-inclement weather, dry roads, no other factors involved.","안전 운전자는 차량이 도로/차선 경계에 너무 가깝다고 판단하여 자율 모드를 해제했습니다. 근본 원인: 물체, 차선 감지 또는 기타 문제. 조건: 악천후가 아니고 도로가 건조하며 기타 요인이 관련되지 않습니다.",driver,perception,localization,,,23,3,7,Tuesday
AVT036,4T1B21HK6KU514747,No,Yes,Test driver,Freeway,"Safety Driver disengaged autonomous mode due to issue with the SW unable to perform the lane change manuever safely. Root cause: lane detection or other issue. Conditions: Non-inclement weather, dry roads, no other factors involved.",안전운전자가 차선변경 조작을 안전하게 수행하지 못하는 SW 문제로 인해 자율주행 모드가 해제되었습니다. 근본 원인: 차선 감지 또는 기타 문제. 조건: 악천후가 아니고 도로가 건조하며 기타 요인이 관련되지 않습니다.,driver,perception,detection,error,,23,10,16,Monday
AVT036,4T1B21HK3KU514477,No,Yes,Test driver,Freeway,"Safety Driver disengaged autonomous mode upon judging that vehicle was too close to road/lane boundary. Root cause: object, lane detection or other issue. Conditions: Non-inclement weather, dry roads, no other factors involved.","안전 운전자가 차량이 도로/차선 경계에 너무 가깝다고 판단하여 자율 주행 모드를 해제했습니다. 근본 원인: 물체, 차선 감지 또는 기타 문제. 조건: 악천후 아님, 도로 건조, 기타 요인 없음.",driver,perception,localization,,,23,7,11,Tuesday
AVT036,4T1B21HK6KU514747,No,Yes,Test driver,Highway,"Safety Driver disengaged autonomous mode to ensure stopping at traffic light or stop line. Root cause: inaccurate traffic light or stop line detection. Conditions: Non-inclement weather, dry roads, no other factors involved.",안전 운전자는 신호등이나 정지선에서 정차하기 위해 자율 모드를 해제했습니다. 근본 원인: 부정확한 신호등 또는 정지선 감지. 조건: 악천후가 아니고 도로가 건조하며 기타 요인이 관련되지 않습니다.,driver,perception,detection,error,,23,10,2,Monday
AVT036,4T1B21HK3KU514477,No,Yes,Test driver,Street,"Safety Driver disengaged autonomous mode upon judging that vehicle was too close to road/lane boundary. Root cause: object, lane detection or other issue. Conditions: Non-inclement weather, dry roads, no other factors involved.","안전 운전자는 차량이 도로/차선 경계에 너무 가깝다고 판단하여 자율 모드를 해제했습니다. 근본 원인: 물체, 차선 감지 또는 기타 문제. 조건: 악천후가 아니고 도로가 건조하며 기타 요인이 관련되지 않습니다.",driver,perception,localization,,,23,10,13,Friday
AVT036,4T1B21HK6KU514747,No,Yes,Test driver,Highway,"Safety Driver disengaged autonomous mode due to inappropriate braking, caused by perception issue.  Root cause: trajectory calculation issue. Conditions: Non-inclement weather, dry roads, no other factors involved.",안전 운전자가 인식 문제로 인해 부적절한 제동으로 자율 모드를 해제했습니다. 근본 원인: 궤도 계산 문제. 조건: 악천후가 아니고 도로가 건조하며 기타 요인이 관련되지 않습니다.,driver,perception,detection,unknown,,23,6,7,Wednesday
AVT061,KNDCB3LC8J5206489,No,Yes,Test Driver,Street,Inaccurate lane-switching due to inaccurate path planning,부정확한 경로 계획으로 인한 부정확한 차선 전환,driver,decision,planning,inappropriate,,23,11,13,Monday
AVT061,KNDCB3LCOJ5177246,No,Yes,Test Driver,Street,Inaccurate lane-keeping due to object detection discrepancy,물체 감지 불일치로 인한 부정확한 차선 유지,driver,perception,localization,,,23,5,24,Wednesday
AVT061,KNDCB3LC8J5206489,No,Yes,Test Driver,Street,Inaccurate lane-keeping due to incorrectly perceived element in the surrounding environment of the vehicle,차량 주변 환경의 요소를 잘못 인식하여 부정확한 차선 유지,driver,perception,localization,,,23,10,3,Tuesday
AVT061,KNDCB3LC8J5206489,No,Yes,Test Driver,Street,Inaccurate lane-keeping due to inaccurate path planning,부정확한 경로 계획으로 인한 부정확한 차선 유지,driver,decision,planning,inappropriate,,23,6,8,Thursday
AVT061,KNDCB3LCOJ5177246,No,Yes,Test Driver,Street,Inaccurate lane-keeping due to inaccurate path planning,부정확한 경로 계획으로 인한 부정확한 차선 유지,driver,decision,planning,inappropriate,,23,3,6,Monday
AVT061,KNDCB3LCOJ5177246,No,Yes,Test Driver,Street,System planned inaccurate trajectory to overtake a static object that was partialy blocking the lane,시스템이 차선을 부분적으로 차단하고 있는 정적 물체를 추월하기 위해 부정확한 궤적을 계획했습니다.,driver,decision,planning,inappropriate,,23,2,23,Thursday
AVT061,KNDCB3LCOJ5177246,No,Yes,Test Driver,Street,Inaccurate lane-keeping due to inaccurate path planning,부정확한 경로 계획으로 인한 부정확한 차선 유지,driver,decision,planning,inappropriate,,23,11,1,Wednesday
AVT061,KNDCB3LC8J5206489,No,Yes,Test Driver,Street,Inaccurate lane-keeping due to inaccurate path planning,부정확한 경로 계획으로 인한 부정확한 차선 유지,driver,decision,planning,inappropriate,,23,3,3,Friday
AVT061,KNDCB3LCOJ5177246,No,Yes,Test Driver,Street,Inaccurate lane-keeping due to inaccurate path planning,부정확한 경로 계획으로 인한 부정확한 차선 유지,driver,decision,planning,inappropriate,,23,4,13,Thursday
AVT061,KNDCB3LCOJ5177246,No,Yes,Test Driver,Street,Inaccurate lane-keeping due to inaccurate path planning,부정확한 경로 계획으로 인한 부정확한 차선 유지,driver,decision,planning,inappropriate,,23,3,22,Wednesday
AVT061,KNDCB3LC8J5206489,No,Yes,Test Driver,Street,Precautionary disengagement by Safety Driver upon judging that vehicle was too close to road boundary,차량이 도로 경계에 너무 가깝다고 판단하여 안전 운전자가 사전에 해제,driver,perception,localization,,,23,1,24,Tuesday
AVT061,KNDCB3LC8J5206489,No,Yes,Test Driver,Street,"The system incorrectly perceived an element in the surrounding environment, resulting in an incorrect motion plan requiring a disengagement",시스템이 주변 환경의 요소를 잘못 인식하여 분리가 필요한 잘못된 모션 계획이 발생했습니다.,driver,perception,detection,error,,23,10,20,Friday
AVT061,KNDCB3LC8J5206489,No,Yes,Test Driver,Street,Inaccurate lane-keeping due to inaccurate path planning,부정확한 경로 계획으로 인한 부정확한 차선 유지,driver,decision,planning,inappropriate,,23,11,17,Friday
AVT061,KNDCB3LC8J5206489,No,Yes,Test Driver,Street,"The system incorrectly perceived an element in the surrounding environment, resulting in an incorrect motion plan requiring a disengagement",시스템이 주변 환경의 요소를 잘못 인식하여 분리가 필요한 잘못된 모션 계획이 발생했습니다.,driver,perception,detection,error,,23,10,20,Friday
AVT061,KNDCB3LC8J5206489,No,Yes,Test Driver,Street,"The system incorrectly perceived an element in the surrounding environment, resulting in an incorrect motion plan requiring a disengagement",시스템이 주변 환경의 요소를 잘못 인식하여 분리가 필요한 잘못된 모션 계획이 발생했습니다.,driver,perception,detection,error,,23,10,25,Wednesday
AVT061,KNDCB3LC8J5206489,No,Yes,Test Driver,Street,"The system incorrectly perceived an element in the surrounding environment, resulting in an incorrect motion plan requiring a disengagement",시스템이 주변 환경의 요소를 잘못 인식하여 분리가 필요한 잘못된 모션 계획이 발생했습니다.,driver,perception,detection,error,,23,10,11,Wednesday
AVT061,KNDCB3LC8J5206489,No,Yes,Test Driver,Street,Inaccurate lane-keeping due to inaccurate path planning,부정확한 경로 계획으로 인한 부정확한 차선 유지,driver,decision,planning,inappropriate,,23,4,24,Monday
AVT061,KNDCB3LCOJ5177246,No,Yes,Test Driver,Street,Late deceleration due to incorrect behaviour prediction of another traffic participant,다른 교통 참가자의 잘못된 행동 예측으로 인한 감속 지연,driver,decision,recognition,prediction,,23,4,7,Friday
AVT061,KNDCB3LC8J5206489,No,Yes,Test Driver,Street,Precautionary disengagement by Safety Driver upon judging that vehicle was too close to road boundary,차량이 도로 경계에 너무 가깝다고 판단하여 안전 운전자가 사전에 해제,driver,perception,localization,,,23,5,22,Monday
AVT061,KNDCB3LCOJ5177246,No,Yes,Test Driver,Street,Precautionary disengagement by Safety Driver upon judging that vehicle was too close to road boundary,차량이 도로 경계에 너무 가깝다고 판단하여 안전 운전자가 사전에 해제,driver,perception,localization,,,23,3,7,Tuesday
AVT012,~8312,No,Yes,Test Driver,Street,Prediction discrepancy. Late and illegal cut-in from other vehicle from adjacent lane.,예측 불일치. 인접 차선에서 다른 차량이 늦게 불법으로 끼어들었다.,driver,decision,recognition,prediction,,23,2,15,Wednesday
AVT012,~9086,No,Yes,Test Driver,Street,Prediction discrepancy. Adjacent vehicle made illegal maneuver from left turn only lane.,예측 불일치. 인접 차량이 좌회전 전용 차선에서 불법 기동을 했습니다.,driver,decision,recognition,prediction,,23,3,17,Friday
AVT012,~8948,No,Yes,Test Driver,Street,Prediction discrepancy. Adjacent vehicle made illegal maneuver from left turn only lane.,예측 불일치. 인접 차량이 좌회전 전용 차선에서 불법 기동을 했습니다.,driver,decision,recognition,prediction,,23,3,23,Thursday
AVT012,~2698,No,Yes,Test Driver,Street,Prediction discrepancy. Late cut-in from other vehicle from adjacent lane.,예측 불일치. 옆 차선에서 다른 차량이 늦게 끼어들었습니다.,driver,decision,recognition,prediction,,23,7,18,Tuesday
AVT003,SADHW2S18M1606251,No,Yes,Test Driver,Street,Disengage for unwanted maneuver of the vehicle that was undesirable under the circumstances,상황에서 바람직하지 않은 차량의 원치 않는 조작에 대해 해제,driver,control,discomfort,inappropriate,,23,10,28,Saturday
AVT003,SADHW2S19M1616044,No,Yes,Test Driver,Street,Disengage for unwanted maneuver of the vehicle that was undesirable under the circumstances,상황에서 바람직하지 않은 차량의 원치 않는 조작에 대해 해제,driver,control,discomfort,inappropriate,,23,11,23,Thursday
AVT003,SADHW2S16M1615904,No,Yes,Test Driver,Freeway,Disengage for unwanted maneuver of the vehicle that was undesirable under the circumstances,상황에서 바람직하지 않은 차량의 원치 않는 조작에 대해 해제,driver,control,discomfort,inappropriate,,23,10,17,Tuesday
AVT003,SADHW2S19M1615749,No,Yes,AV System,Street,Disengage for a software discrepancy for which our vehicle's diagnostics received a message indicating a potential performance issue with a software component,차량 진단에서 소프트웨어 구성 요소의 잠재적인 성능 문제를 나타내는 메시지를 수신한 소프트웨어 불일치에 대해 해제,ADS,internal,SW,,,23,3,13,Monday
AVT003,SADHW2S18M1615970,No,Yes,Test Driver,Freeway,Disengage for a software discrepancy for which our vehicle's diagnostics received a message indicating a potential performance issue with a software component,차량 진단에서 소프트웨어 구성 요소의 잠재적인 성능 문제를 나타내는 메시지를 수신한 소프트웨어 불일치에 대해 해제,driver,internal,SW,,,23,3,26,Sunday
AVT003,SADHW2S18M1615225,No,Yes,Test Driver,Street,Disengage for unwanted maneuver of the vehicle that was undesirable under the circumstances,상황에서 바람직하지 않은 차량의 원치 않는 조작에 대해 해제,driver,control,discomfort,inappropriate,,23,8,29,Tuesday
AVT003,SADHW2S16M1616325,No,Yes,Test Driver,Street,Disengage for a perception discrepancy for which a component of the vehicle's perception system failed to detect an object correctly,차량 인식 시스템의 구성 요소가 물체를 올바르게 감지하지 못하는 인식 불일치로 인해 해제됩니다.,driver,perception,detection,error,,23,3,16,Thursday
AVT003,SADHW2S12M1616824,No,Yes,Test Driver,Street,Disengage for unwanted maneuver of the vehicle that was undesirable under the circumstances,상황에서 바람직하지 않은 차량의 원치 않는 조작에 대해 해제,driver,control,discomfort,inappropriate,,23,2,8,Wednesday
AVT003,SADHW2S11M1617625,No,Yes,Test Driver,Interstate,Disengage for unwanted maneuver of the vehicle that was undesirable under the circumstances,상황에서 바람직하지 않은 차량의 원치 않는 조작에 대해 해제,driver,control,discomfort,inappropriate,,23,4,6,Thursday
AVT003,SADHW2S11M1614661,No,Yes,Test Driver,Interstate,Disengage for a software discrepancy for which our vehicle's diagnostics received a message indicating a potential performance issue with a software component,차량 진단에서 소프트웨어 구성 요소의 잠재적인 성능 문제를 나타내는 메시지를 수신한 소프트웨어 불일치에 대해 해제,driver,internal,SW,,,23,4,12,Wednesday
AVT003,SADHW2S18M1617122,No,Yes,Test Driver,Street,Disengage for a perception discrepancy for which a component of the vehicle's perception system failed to detect an object correctly,차량 인식 시스템의 구성 요소가 물체를 올바르게 감지하지 못하는 인식 불일치로 인해 해제됩니다.,driver,perception,detection,error,,23,3,23,Thursday
AVT003,SADHW2S19M1617016,No,Yes,Test Driver,Freeway,Disengage for a software discrepancy for which our vehicle's diagnostics received a message indicating a potential performance issue with a software component,차량 진단에서 소프트웨어 구성 요소의 잠재적인 성능 문제를 나타내는 메시지를 수신한 소프트웨어 불일치에 대해 해제,driver,internal,SW,,,23,3,30,Thursday
AVT003,SADHW2S15M1614551,No,Yes,Test Driver,Street,Disengage for a perception discrepancy for which a component of the vehicle's perception system failed to detect an object correctly,차량 인식 시스템의 구성 요소가 물체를 올바르게 감지하지 못하는 인식 불일치로 인해 해제됩니다.,driver,perception,detection,error,,23,7,27,Thursday
AVT003,SADHW2S11M1614742,No,Yes,Test Driver,Street,Disengage for unwanted maneuver of the vehicle that was undesirable under the circumstances,상황에서 바람직하지 않은 차량의 원치 않는 조작에 대해 해제,driver,control,discomfort,inappropriate,,23,8,25,Friday
AVT003,SADHW2S17M1616799,No,Yes,Test Driver,Freeway,Disengage for a perception discrepancy for which a component of the vehicle's perception system failed to detect an object correctly,차량 인식 시스템의 구성 요소가 물체를 올바르게 감지하지 못하는 인식 불일치로 인해 해제됩니다.,driver,internal,SW,,,23,5,2,Tuesday
AVT003,SADHW2S18M1615564,No,Yes,Test Driver,Street,Disengage for unwanted maneuver of the vehicle that was undesirable under the circumstances,상황에서 바람직하지 않은 차량의 원치 않는 조작에 대해 해제,driver,control,discomfort,inappropriate,,23,4,13,Thursday
AVT003,SADHW2S17M1616656,No,Yes,Test Driver,Street,Disengage for a perception discrepancy for which a component of the vehicle's perception system failed to detect an object correctly,차량의 인지 시스템 구성 요소가 물체를 올바르게 감지하지 못해 인지 불일치가 발생하는 경우 해제,driver,internal,SW,,,23,1,27,Friday
AVT003,SADHW2S15M1616767,No,Yes,Test Driver,Street,Disengage for unwanted maneuver of the vehicle that was undesirable under the circumstances,상황에서 바람직하지 않은 차량의 원치 않는 조작에 대해 해제,driver,control,discomfort,inappropriate,,23,3,1,Wednesday
AVT003,SADHW2S10M1615624,No,Yes,Test Driver,Street,Disengage for a perception discrepancy for which a component of the vehicle's perception system failed to detect an object correctly,차량 인식 시스템의 구성 요소가 물체를 올바르게 감지하지 못하는 인식 불일치로 인해 해제됩니다.,driver,internal,SW,,,23,4,25,Tuesday
AVT003,SADHW2S17M1617595,No,Yes,Test Driver,Freeway,Disengage for unwanted maneuver of the vehicle that was undesirable under the circumstances,상황에서 바람직하지 않은 차량의 원치 않는 조작에 대해 해제,driver,control,discomfort,inappropriate,,23,8,19,Saturday
AVT073,4t1bf1fk6hu452251,No,Yes,Test Driver,Highway,"The autonomous system perceives and understands the environment by processing raw camera and radar inputs, detecting surfaces and objects in a scene, and calculating distance, velocity and motion vector for every pixel.  Ghost AV Test Drivers are trained to disengage proactively.  The AV Test Driver took control based on their assessment that the Ghost vehicle was driving too closely to the preceding vehicle in the particular driving environment.","자율 시스템은 원시 카메라 및 레이더 입력을 처리하고, 장면의 표면과 물체를 감지하고, 모든 픽셀에 대한 거리, 속도 및 모션 벡터를 계산하여 환경을 인식하고 이해합니다. Ghost AV 테스트 드라이버는 적극적으로 참여를 중단하도록 교육을 받았습니다. AV 테스트 운전자는 Ghost 차량이 특정 주행 환경에서 선행 차량과 너무 가깝게 주행하고 있다는 평가를 바탕으로 제어권을 가졌습니다.",driver,perception,localization,,,23,4,21,Friday
AVT073,4t1bf1fk6hu452251,No,Yes,Test Driver,Highway,"The autonomous system perceives and understands the environment by processing raw camera and radar inputs, detecting surfaces and objects in a scene, and calculating distance, velocity and motion vector for every pixel.  Ghost AV Test Drivers are trained to disengage proactively.  The AV Test Driver took control of the vehicle in response to unexpected braking or the system braking with too much or too little force in the particular driving environment.","자율 시스템은 원시 카메라 및 레이더 입력을 처리하고, 장면의 표면과 물체를 감지하고, 모든 픽셀에 대한 거리, 속도 및 모션 벡터를 계산하여 환경을 인식하고 이해합니다. Ghost AV 테스트 드라이버는 적극적으로 참여를 중단하도록 교육을 받았습니다. AV 테스트 드라이버는 특정 주행 환경에서 예상치 못한 제동이나 너무 많거나 적은 힘으로 시스템 제동에 반응하여 차량을 제어했습니다.",driver,control,discomfort,unknown,,23,11,17,Friday
AVT073,4t1bf1fk3hu693877,No,Yes,Test Driver,Highway,"The autonomous system perceives and understands the environment by processing raw camera and radar inputs, detecting surfaces and objects in a scene, and calculating distance, velocity and motion vector for every pixel.  Ghost AV Test Drivers are trained to disengage proactively.  The AV Test Driver took control of the vehicle in response to unexpected braking or the system braking with too much or too little force in the particular driving environment.","자율 시스템은 원시 카메라 및 레이더 입력을 처리하고, 장면의 표면과 물체를 감지하고, 모든 픽셀에 대한 거리, 속도 및 모션 벡터를 계산하여 환경을 인식하고 이해합니다. Ghost AV 테스트 드라이버는 적극적으로 참여를 중단하도록 교육을 받았습니다. AV 테스트 드라이버는 특정 주행 환경에서 예상치 못한 제동이나 너무 많거나 적은 힘으로 시스템 제동에 반응하여 차량을 제어했습니다.",driver,control,discomfort,unknown,,23,6,29,Thursday
AVT073,4t1bf1fk3hu411088,No,Yes,Test Driver,Highway,"The AV Test Driver took control from the autonomous system due to undesirable lane placement.  AV Test Drivers consider various factors, including the amount of traffic and the behavior of any surrounding vehicles. In addition to their own perception, an in-vehicle display provides input on the vehicle's lane placement.  Also incorporated is an advanced system for fluid exchange between the driver and the system without the need for buttons or switches.  This allows the AV Test Drivers to take control to provide a transitory adjustment.  In this case, the AV Test Driver took control from the autonomous system when the vehicle overrode a lane marker. ","AV 테스트 운전자는 바람직하지 않은 차선 배치로 인해 자율 시스템에서 제어권을 얻었습니다. AV 테스트 드라이버는 교통량, 주변 차량의 행동 등 다양한 요소를 고려합니다. 자체 인식 외에도 차량 내 디스플레이는 차량의 차선 배치에 대한 입력을 제공합니다. 또한 버튼이나 스위치가 필요 없이 운전자와 시스템 간의 유체 교환을 위한 고급 시스템이 통합되어 있습니다. 이를 통해 AV 테스트 드라이버가 제어하여 일시적인 조정을 제공할 수 있습니다. 이 경우 AV 테스트 운전자는 차량이 차선 표시를 초과했을 때 자율 시스템에서 제어권을 얻었습니다.",driver,perception,localization,,,23,10,13,Friday
AVT073,4t1bf1fk3hu693877,No,Yes,Test Driver,Highway,"The AV Test Driver took control from the autonomous system due to undesirable lane placement.  AV Test Drivers consider various factors, including the amount of traffic and the behavior of any surrounding vehicles. In addition to their own perception, an in-vehicle display provides input on the vehicle's lane placement.  Also incorporated is an advanced system for fluid exchange between the driver and the system without the need for buttons or switches.  This allows the AV Test Drivers to take control to provide a transitory adjustment.  In this case, the AV Test Driver took control from the autonomous system when the vehicle made contact with a lane marker. ","AV 테스트 운전자는 바람직하지 않은 차선 배치로 인해 자율 시스템에서 제어권을 얻었습니다. AV 테스트 드라이버는 교통량, 주변 차량의 행동 등 다양한 요소를 고려합니다. 자체 인식 외에도 차량 내 디스플레이는 차량의 차선 배치에 대한 입력을 제공합니다. 또한 버튼이나 스위치가 필요 없이 운전자와 시스템 간의 유체 교환을 위한 고급 시스템이 통합되어 있습니다. 이를 통해 AV 테스트 드라이버가 제어하여 일시적인 조정을 제공할 수 있습니다. 이 경우 AV 테스트 운전자는 차량이 차선 표시와 접촉했을 때 자율 시스템의 제어권을 얻었습니다.",driver,perception,localization,,,23,11,27,Monday
AVT073,4t1bf1fk6hu452251,No,Yes,Test Driver,Highway,"The AV Test Driver took control from the autonomous system due to undesirable lane placement.  AV Test Drivers consider various factors, including the amount of traffic and the behavior of any surrounding vehicles. In addition to their own perception, an in-vehicle display provides input on the vehicle's lane placement.  Also incorporated is an advanced system for fluid exchange between the driver and the system without the need for buttons or switches.  This allows the AV Test Drivers to take control to provide a transitory adjustment.  In this case, the AV Test Driver took control from the autonomous system when the vehicle overrode a lane marker. ","AV 테스트 운전자는 바람직하지 않은 차선 배치로 인해 자율 시스템에서 제어권을 얻었습니다. AV 테스트 드라이버는 교통량, 주변 차량의 행동 등 다양한 요소를 고려합니다. 자체 인식 외에도 차량 내 디스플레이는 차량의 차선 배치에 대한 입력을 제공합니다. 또한 버튼이나 스위치가 필요 없이 운전자와 시스템 간의 유체 교환을 위한 고급 시스템이 통합되어 있습니다. 이를 통해 AV 테스트 드라이버가 제어하여 일시적인 조정을 제공할 수 있습니다. 이 경우 AV 테스트 운전자는 차량이 차선 표시를 초과했을 때 자율 시스템에서 제어권을 얻었습니다.",driver,perception,localization,,,23,6,1,Thursday
AVT073,4t1bf1fk3hu693877,No,Yes,Test Driver,Highway,"The AV Test Driver took control from the autonomous system due to undesirable lane placement.  AV Test Drivers consider various factors, including the amount of traffic and the behavior of any surrounding vehicles. In addition to their own perception, an in-vehicle display provides input on the vehicle's lane placement.  Also incorporated is an advanced system for fluid exchange between the driver and the system without the need for buttons or switches.  This allows the AV Test Drivers to take control to provide a transitory adjustment.  In this case, the AV Test Driver took control from the autonomous system when the vehicle overrode a lane marker. ","AV 테스트 운전자는 바람직하지 않은 차선 배치로 인해 자율 시스템에서 제어권을 얻었습니다. AV 테스트 드라이버는 교통량, 주변 차량의 행동 등 다양한 요소를 고려합니다. 자체 인식 외에도 차량 내 디스플레이는 차량의 차선 배치에 대한 입력을 제공합니다. 또한 버튼이나 스위치가 필요 없이 운전자와 시스템 간의 유체 교환을 위한 고급 시스템이 통합되어 있습니다. 이를 통해 AV 테스트 드라이버가 제어하여 일시적인 조정을 제공할 수 있습니다. 이 경우 AV 테스트 운전자는 차량이 차선 표시를 초과했을 때 자율 시스템에서 제어권을 얻었습니다.",driver,perception,localization,,,23,11,20,Monday
AVT073,4t1bf1fk3hu693877,No,Yes,Test Driver,Highway,"The AV Test Driver took control from the autonomous system due to undesirable lane placement.  AV Test Drivers consider various factors, including the amount of traffic and the behavior of any surrounding vehicles. In addition to their own perception, an in-vehicle display provides input on the vehicle's lane placement.  Also incorporated is an advanced system for fluid exchange between the driver and the system without the need for buttons or switches.  This allows the AV Test Drivers to take control to provide a transitory adjustment.  In this case, the AV Test Driver took control from the autonomous system when the vehicle overrode a lane marker. ",AV 테스트 운전자는 바람직하지 않은 차선 배치로 인해 자율 주행 시스템에서 제어권을 빼앗았습니다. AV 테스트 운전자는 교통량과 주변 차량의 행동을 포함한 다양한 요소를 고려합니다. 자신의 인식 외에도 차량 내 디스플레이가 차량의 차선 배치에 대한 입력을 제공합니다. 또한 버튼이나 스위치가 필요 없이 운전자와 시스템 간의 유체 교환을 위한 고급 시스템이 통합되어 있습니다. 이를 통해 AV 테스트 운전자는 제어권을 빼앗아 일시적인 조정을 제공할 수 있습니다. 이 경우 AV 테스트 운전자는 차량이 차선 마커를 넘을 때 자율 주행 시스템에서 제어권을 빼앗았습니다.,driver,perception,localization,,,23,2,17,Friday
AVT073,4t1bf1fk3hu411088,No,Yes,Test Driver,Highway,"The AV Test Driver took control from the autonomous system due to undesirable lane placement.  AV Test Drivers consider various factors, including the amount of traffic and the behavior of any surrounding vehicles. In addition to their own perception, an in-vehicle display provides input on the vehicle's lane placement.  Also incorporated is an advanced system for fluid exchange between the driver and the system without the need for buttons or switches.  This allows the AV Test Drivers to take control to provide a transitory adjustment.  In this case, the AV Test Driver took control from the autonomous system in response to the lateral movement of the vehicle within the lane. ","AV 테스트 운전자는 바람직하지 않은 차선 배치로 인해 자율 시스템에서 제어권을 얻었습니다. AV 테스트 드라이버는 교통량, 주변 차량의 행동 등 다양한 요소를 고려합니다. 자체 인식 외에도 차량 내 디스플레이는 차량의 차선 배치에 대한 입력을 제공합니다. 또한 버튼이나 스위치가 필요 없이 운전자와 시스템 간의 유체 교환을 위한 고급 시스템이 통합되어 있습니다. 이를 통해 AV 테스트 드라이버가 제어하여 일시적인 조정을 제공할 수 있습니다. 이 경우 AV 테스트 운전자는 차선 내에서 차량의 측면 움직임에 반응하여 자율 시스템의 제어권을 얻었습니다.",driver,perception,localization,,,23,6,16,Friday
AVT073,salws2ru6ma760657,No,Yes,Test Driver,Highway,"The autonomous system perceives and understands the environment by processing raw camera and radar inputs, detecting surfaces and objects in a scene, and calculating distance, velocity and motion vector for every pixel.  Ghost AV Test Drivers are trained to disengage proactively.  The AV Test Driver took control based on their assessment that the Ghost vehicle was driving too closely to the preceding vehicle in the particular driving environment.","자율 시스템은 원시 카메라 및 레이더 입력을 처리하고, 장면의 표면과 물체를 감지하고, 모든 픽셀에 대한 거리, 속도 및 모션 벡터를 계산하여 환경을 인식하고 이해합니다. Ghost AV 테스트 드라이버는 적극적으로 참여를 중단하도록 교육을 받았습니다. AV 테스트 운전자는 Ghost 차량이 특정 주행 환경에서 선행 차량과 너무 가깝게 주행하고 있다는 평가를 바탕으로 제어권을 가졌습니다.",driver,perception,localization,,,23,5,7,Sunday
AVT073,4t1bf1fk6hu452251,No,Yes,Test Driver,Highway,The AV Test Driver took control after engaging the autonomous system due to immediate unexpected behavior of the system.  The AV Safety Drivers are trained to take control proactively should the system not operate as expected. ,AV 테스트 드라이버는 시스템의 즉각적이고 예상치 못한 동작으로 인해 자율 시스템을 작동시킨 후 제어권을 얻었습니다. AV 안전 운전자는 시스템이 예상대로 작동하지 않을 경우 사전에 제어할 수 있도록 교육을 받았습니다.,driver,control,discomfort,unknown,,23,11,17,Friday
AVT073,salws2ru6ma760657,No,Yes,AV System,Highway,"The system disengaged due to undesirable performance, indicating in most cases either that the system took longer to operate than the prescribed limits, an exception condition or a software bug.  In each of these cases, the AV operator was alerted to take control and did so without the need for the system to achieve a Minimal Risk Condition. ","시스템은 바람직하지 않은 성능으로 인해 해제되었으며, 대부분의 경우 시스템이 규정된 한계보다 작동하는 데 더 오래 걸렸거나, 예외 조건 또는 소프트웨어 버그가 있음을 나타냅니다. 이러한 각 사례에서 AV 운영자는 제어를 하라는 경고를 받았으며 시스템이 최소 위험 조건을 달성할 필요 없이 그렇게 했습니다.",ADS,unknown,,,,23,2,13,Monday
AVT073,4t1bf1fk3hu693877,No,Yes,Test Driver,Highway,"The AV Test Driver took control from the autonomous system due to undesirable lane placement.  AV Test Drivers consider various factors, including the amount of traffic and the behavior of any surrounding vehicles. In addition to their own perception, an in-vehicle display provides input on the vehicle's lane placement.  Also incorporated is an advanced system for fluid exchange between the driver and the system without the need for buttons or switches.  This allows the AV Test Drivers to take control to provide a transitory adjustment.  In this case, the AV Test Driver took control from the autonomous system in response to the lateral movement of the vehicle within the lane. ","AV 테스트 운전자는 바람직하지 않은 차선 배치로 인해 자율 시스템에서 제어권을 얻었습니다. AV 테스트 드라이버는 교통량, 주변 차량의 행동 등 다양한 요소를 고려합니다. 자체 인식 외에도 차량 내 디스플레이는 차량의 차선 배치에 대한 입력을 제공합니다. 또한 버튼이나 스위치가 필요 없이 운전자와 시스템 간의 유체 교환을 위한 고급 시스템이 통합되어 있습니다. 이를 통해 AV 테스트 드라이버가 제어하여 일시적인 조정을 제공할 수 있습니다. 이 경우 AV 테스트 운전자는 차선 내에서 차량의 측면 움직임에 반응하여 자율 시스템의 제어권을 얻었습니다.",driver,perception,localization,,,23,7,10,Monday
AVT073,4t1bf1fk6hu452251,No,Yes,Test Driver,Highway,"The autonomous system perceives and understands the environment by processing raw camera and radar inputs, detecting surfaces and objects in a scene, and calculating distance, velocity and motion vector for every pixel.  Ghost AV Test Drivers are trained to disengage proactively.  The AV Test Driver took control based on their assessment that the Ghost vehicle was driving too closely to the preceding vehicle in the particular driving environment.","자율 시스템은 원시 카메라 및 레이더 입력을 처리하고, 장면의 표면과 물체를 감지하고, 모든 픽셀에 대한 거리, 속도 및 모션 벡터를 계산하여 환경을 인식하고 이해합니다. Ghost AV 테스트 드라이버는 적극적으로 참여를 중단하도록 교육을 받았습니다. AV 테스트 운전자는 Ghost 차량이 특정 주행 환경에서 선행 차량과 너무 가깝게 주행하고 있다는 평가를 바탕으로 제어권을 가졌습니다.",driver,perception,localization,,,23,8,18,Friday
AVT073,salws2ru9ma749619,No,Yes,Test Driver,Highway,"The AV Test Driver took control from the autonomous system due to undesirable lane placement.  AV Test Drivers consider various factors, including the amount of traffic and the behavior of any surrounding vehicles. In addition to their own perception, an in-vehicle display provides input on the vehicle's lane placement.  Also incorporated is an advanced system for fluid exchange between the driver and the system without the need for buttons or switches.  This allows the AV Test Drivers to take control to provide a transitory adjustment.  In this case, the AV Test Driver took control from the autonomous system when the vehicle overrode a lane marker. ","AV 테스트 운전자는 바람직하지 않은 차선 배치로 인해 자율 시스템에서 제어권을 얻었습니다. AV 테스트 드라이버는 교통량, 주변 차량의 행동 등 다양한 요소를 고려합니다. 자체 인식 외에도 차량 내 디스플레이는 차량의 차선 배치에 대한 입력을 제공합니다. 또한 버튼이나 스위치가 필요 없이 운전자와 시스템 간의 유체 교환을 위한 고급 시스템이 통합되어 있습니다. 이를 통해 AV 테스트 드라이버가 제어하여 일시적인 조정을 제공할 수 있습니다. 이 경우 AV 테스트 운전자는 차량이 차선 표시를 초과했을 때 자율 시스템에서 제어권을 얻었습니다.",driver,perception,localization,,,23,5,31,Wednesday
AVT073,4t1bf1fk7hu433000,No,Yes,Test Driver,Highway,"The autonomous system perceives and understands the environment by processing raw camera and radar inputs, detecting surfaces and objects in a scene, and calculating distance, velocity and motion vector for every pixel.  Ghost AV Test Drivers are trained to disengage proactively.  The AV Test Driver took control based on their assessment that the Ghost vehicle was driving too closely to the preceding vehicle in the particular driving environment.","자율 시스템은 원시 카메라 및 레이더 입력을 처리하고, 장면의 표면과 물체를 감지하고, 모든 픽셀에 대한 거리, 속도 및 모션 벡터를 계산하여 환경을 인식하고 이해합니다. Ghost AV 테스트 드라이버는 적극적으로 참여를 중단하도록 교육을 받았습니다. AV 테스트 운전자는 Ghost 차량이 특정 주행 환경에서 선행 차량과 너무 가깝게 주행하고 있다는 평가를 바탕으로 제어권을 가졌습니다.",driver,perception,localization,,,23,8,29,Tuesday
AVT073,4t1bf1fk7hu433000,No,Yes,AV System,Highway,"The system disengaged due to undesirable performance, indicating in most cases either that the system took longer to operate than the prescribed limits, an exception condition or a software bug.  In each of these cases, the AV operator was alerted to take control and did so without the need for the system to achieve a Minimal Risk Condition. ","바람직하지 않은 성능으로 인해 시스템 작동이 중단되었으며, 이는 대부분의 경우 시스템이 규정된 제한보다 작동하는 데 시간이 오래 걸리거나 예외 조건 또는 소프트웨어 버그를 나타냅니다. 이러한 각 경우에 AV 운영자는 제어권을 가지라는 경고를 받았으며 시스템이 최소 위험 조건을 달성할 필요 없이 이를 수행했습니다.",ADS,unknown,,,,23,6,20,Tuesday
AVT073,4t1bf1fk6hu452251,No,Yes,Test Driver,Highway,"The autonomous system perceives and understands the environment by processing raw camera and radar inputs, detecting surfaces and objects in a scene, and calculating distance, velocity and motion vector for every pixel.  Ghost AV Test Drivers are trained to disengage proactively.  The AV Test Driver took control of the vehicle in response to unexpected braking or the system braking with too much or too little force in the particular driving environment.","자율 시스템은 원시 카메라 및 레이더 입력을 처리하고, 장면의 표면과 물체를 감지하고, 모든 픽셀에 대한 거리, 속도 및 모션 벡터를 계산하여 환경을 인식하고 이해합니다. Ghost AV 테스트 드라이버는 적극적으로 참여를 중단하도록 교육을 받았습니다. AV 테스트 드라이버는 특정 주행 환경에서 예상치 못한 제동이나 너무 많거나 적은 힘으로 시스템 제동에 반응하여 차량을 제어했습니다.",driver,control,discomfort,unknown,,23,9,14,Thursday
AVT073,4t1bf1fk6hu452251,No,Yes,Test Driver,Highway,"The autonomous system perceives and understands the environment by processing raw camera and radar inputs, detecting surfaces and objects in a scene, and calculating distance, velocity and motion vector for every pixel.  Ghost AV Test Drivers are trained to disengage proactively.  The AV Test Driver took control based on their assessment that the Ghost vehicle was driving too closely to the preceding vehicle in the particular driving environment.","자율 시스템은 원시 카메라 및 레이더 입력을 처리하고, 장면의 표면과 물체를 감지하고, 모든 픽셀에 대한 거리, 속도 및 모션 벡터를 계산하여 환경을 인식하고 이해합니다. Ghost AV 테스트 드라이버는 적극적으로 참여를 중단하도록 교육을 받았습니다. AV 테스트 운전자는 Ghost 차량이 특정 주행 환경에서 선행 차량과 너무 가깝게 주행하고 있다는 평가를 바탕으로 제어권을 가졌습니다.",driver,perception,localization,,,23,6,22,Thursday
AVT073,4t1bf1fk7hu433000,No,Yes,Test Driver,Highway,"The AV Test Driver took control from the autonomous system due to undesirable lane placement.  AV Test Drivers consider various factors, including the amount of traffic and the behavior of any surrounding vehicles. In addition to their own perception, an in-vehicle display provides input on the vehicle's lane placement.  Also incorporated is an advanced system for fluid exchange between the driver and the system without the need for buttons or switches.  This allows the AV Test Drivers to take control to provide a transitory adjustment.  In this case, the AV Test Driver took control from the autonomous system when the vehicle made contact with a lane marker. ","AV 테스트 운전자는 바람직하지 않은 차선 배치로 인해 자율 시스템에서 제어권을 얻었습니다. AV 테스트 드라이버는 교통량, 주변 차량의 행동 등 다양한 요소를 고려합니다. 자체 인식 외에도 차량 내 디스플레이는 차량의 차선 배치에 대한 입력을 제공합니다. 또한 버튼이나 스위치가 필요 없이 운전자와 시스템 간의 유체 교환을 위한 고급 시스템이 통합되어 있습니다. 이를 통해 AV 테스트 드라이버가 제어하여 일시적인 조정을 제공할 수 있습니다. 이 경우 AV 테스트 운전자는 차량이 차선 표시와 접촉했을 때 자율 시스템의 제어권을 얻었습니다.",driver,perception,localization,,,23,9,19,Tuesday
AVT077,JTHCYLFF5J5000369,No,Yes,Test Driver,street,Safety Driver disengaged because vehicle was mishandling a traffic light.,차량이 신호등을 잘못 취급하여 안전 운전자가 이탈했습니다.,driver,perception,detection,error,,23,8,18,Friday
AVT077,JTHCYLFF5J5000369,No,Yes,Test Driver,street,Safety Driver disengaged to re-center vehicle in lane.,안전 운전자가 차량을 차선 중앙에 다시 놓기 위해 해제되었습니다.,driver,perception,localization,,,23,6,1,Thursday
AVT077,JTHCYLFF0J5001364,No,Yes,Test Driver,street,Safety Driver disengaged upon judging that vehicle was too close to road boundary.,차량이 도로 경계에 너무 가깝다고 판단하여 안전 운전자가 이탈했습니다.,driver,perception,localization,,,23,6,21,Wednesday
AVT077,JTHCYLFF0J5001364,No,Yes,Test Driver,street,"Safety Driver disengaged due to inappropriate braking, caused by perception issue.",안전 인식 문제로 인해 부적절한 제동으로 인해 운전자가 이탈했습니다.,driver,perception,detection,unknown,,23,1,3,Tuesday
AVT077,JTHCYLFF0K5001429,No,Yes,Test Driver,street,Safety Driver disengaged to re-center vehicle in lane.,안전 운전자가 차량을 차선 중앙에 다시 놓기 위해 해제되었습니다.,driver,perception,localization,,,23,6,7,Wednesday
AVT077,JTHCYLFF5J5000369,No,Yes,Test Driver,street,Safety Driver disengaged because vehicle was mishandling a traffic light.,차량이 신호등을 잘못 취급하여 안전 운전자가 이탈했습니다.,driver,perception,detection,error,,23,9,5,Tuesday
AVT077,JTHBYLFF6J5002983,No,Yes,Test Driver,street,Safety Driver disengaged upon judging that vehicle was too close to road boundary.,차량이 도로 경계에 너무 가깝다고 판단하여 안전 운전자가 이탈했습니다.,driver,perception,localization,,,23,7,5,Wednesday
AVT077,JTHCYLFF0J5001364,No,Yes,Test Driver,street,Safety Driver disengaged upon judging that vehicle was too close to road boundary.,차량이 도로 경계에 너무 가깝다고 판단하여 안전 운전자가 이탈했습니다.,driver,perception,localization,,,23,3,27,Monday
AVT077,JTHCYLFF9J5001363,No,Yes,Test Driver,street,Safety Driver disengaged due to inappropriate steering.,안전운전자가 부적절한 조향으로 인해 이탈했습니다.,driver,control,discomfort,inappropriate,,23,4,13,Thursday
AVT077,JTHCYLFF5J5000369,No,Yes,Test Driver,street,Safety Driver disengaged near crosswalk due to overly conservative vehicle behavior.,안전 운전자가 지나치게 보수적인 차량 행동으로 인해 횡단보도 근처에서 이탈했습니다.,driver,control,discomfort,cautious,,23,8,24,Thursday
AVT077,JTHCYLFF5J5000369,No,Yes,Test Driver,street,Safety Driver disengaged due to cut-in issue.,컷인 문제로 인해 안전 운전자가 이탈했습니다.,driver,unknown,,,,23,6,12,Monday
AVT077,JTHCYLFF5J5000369,No,Yes,Test Driver,street,Safety Driver disengaged to proceed through green traffic signal.,녹색 신호등을 통과하기 위해 안전 운전자가 이탈했습니다.,driver,unknown,,,,23,8,18,Friday
AVT077,JTHCYLFF0J5001364,No,Yes,Test Driver,street,Safety Driver disengaged to re-center vehicle in lane.,안전 운전자가 차량을 차선 중앙에 다시 놓기 위해 해제되었습니다.,driver,perception,localization,,,23,10,30,Monday
AVT077,JTHCYLFFXJ5001291,No,Yes,Test Driver,street,Safety Driver disengaged due to overly harsh braking.,안전 지나치게 가혹한 제동으로 인해 운전자가 이탈했습니다.,driver,control,discomfort,cautious,,23,2,27,Monday
AVT077,JTHCYLFFXJ5001291,No,Yes,Test Driver,street,Safety Driver disengaged because vehicle was mishandling a traffic light.,차량이 신호등을 잘못 취급하여 안전 운전자가 이탈했습니다.,driver,perception,detection,error,,23,9,8,Friday
AVT077,JTHCYLFF5J5000369,No,Yes,Test Driver,street,Safety Driver disengaged because vehicle was mishandling a traffic light.,차량이 신호등을 잘못 취급하여 안전 운전자가 이탈했습니다.,driver,perception,detection,error,,23,8,31,Thursday
AVT077,JTHCYLFF5J5000369,No,Yes,Test Driver,street,Safety Driver disengaged due to issue with lane change maneuver.,차선 변경 조작에 문제가 있어 안전 운전자가 작동을 해제했습니다.,driver,unknown,,,,23,9,1,Friday
AVT077,JTHCYLFF9J5001363,No,Yes,Test Driver,street,Safety Driver disengaged to re-center vehicle in lane.,안전 운전자가 차량을 차선 중앙에 다시 놓기 위해 해제되었습니다.,driver,perception,localization,,,23,4,18,Tuesday
AVT077,JTHCYLFF0J5001364,No,Yes,Test Driver,street,Safety Driver disengaged to reduce speed.,속도를 줄이기 위해 안전 운전자가 해제되었습니다.,driver,control,discomfort,aggressive,,23,6,20,Tuesday
AVT077,JTHBYLFF6J5002613,No,Yes,Test Driver,street,"Safety Driver disengaged due to inappropriate braking proposal, caused by perception issue.",안전 인식 문제로 인해 부적절한 제동 제안으로 인해 운전자가 이탈했습니다.,driver,perception,detection,error,,23,10,19,Thursday
AVT054,NM0LS7F25K1413020,No,Yes,AV System,Street,Hardware discrepancy or system fault; On city road in light traffic with clear sky during day,하드웨어 불일치 또는 시스템 오류; 낮에는 하늘이 맑고 교통량이 적은 도시 도로에서,ADS,internal,HW,,,23,1,18,Wednesday
AVT055,3LN6L5MU1JR609431,No,Yes,Test Driver,Street,Disengagement for a missed detection by a component of perception system of the lead vehicle (trailer truck).,선두 차량(트레일러 트럭)의 인식 시스템 구성 요소에 의한 감지 실패로 인한 분리.,driver,perception,detection,error,,23,3,31,Friday
AVT028,JTDKAMFU4N3182332,No,Yes,Test Driver,Street,Planning Logic: Incorrect planner trajectory fails to adequately slow for lead vehicle,계획 논리: 잘못된 계획자의 궤적이 선두 차량의 속도를 적절하게 늦추지 못함,driver,decision,planning,inappropriate,,23,10,5,Thursday
AVT028,JTDKAMFUXN3171562,No,Yes,Test Driver,Street,Planning Logic: Planner trajectory inadequately yields for oncoming vehicle,계획 논리: 다가오는 차량에 대한 계획자의 궤적이 부적절하게 산출됩니다.,driver,decision,recognition,prediction,,23,10,16,Monday
AVT028,JTDKAMFU5N3171713,No,Yes,Test Driver,Street,Object Perception: Incorrect perception of bus leads to nudging into adjacent lane with tailgating agent,객체 인식: 버스에 대한 잘못된 인식으로 인해 테일게이팅 에이전트가 옆 차선으로 조금씩 이동하게 됩니다.,driver,perception,detection,error,,23,7,18,Tuesday
AVT028,JTDKAMFU2N3182393,No,Yes,Test Driver,Street,Planning Logic: Planner trajectory inadequately yields for oncoming while making a left turn,계획 논리: 계획자의 궤적은 좌회전하는 동안 다가오는 차량에 대해 부적절하게 양보합니다.,driver,decision,planning,inappropriate,,23,10,16,Monday
AVT028,JTDKAMFUXN3164594,No,Yes,Test Driver,Street,Router: Incorrect router transition leads to unwanted braking with tailgating agent,라우터: 잘못된 라우터 전환으로 인해 테일게이팅 에이전트로 인해 원치 않는 제동이 발생합니다.,driver,decision,planning,inappropriate,,23,10,23,Monday
AVT028,JTDKAMFU0N3164734,No,Yes,Test Driver,Street,Planning Logic: Incorrect planner trajectory fails to adequately yield to adjacent vehicle overtaking Nuro vehicle while merging,계획 논리: 잘못된 계획 궤적이 병합 중에 Nuro 차량을 추월하는 인접 차량에 적절하게 양보하지 못함,driver,decision,planning,inappropriate,,23,9,29,Friday
AVT028,JTDKN3DP0C3001431,No,Yes,Test Driver,Street,Planning Logic: Incorrect prediction leads to inadequate yield to pedestrian in crosswalk ,계획 논리: 잘못된 예측으로 인해 횡단보도에서 보행자에게 부적절한 양보가 발생함,driver,decision,planning,inappropriate,,23,7,20,Thursday
AVT028,JTDKAMFUXN3182366,No,Yes,Test Driver,Street,Object Perception: Incorrect perception of traffic light leads to inadequate yield to cross traffic,객체 인식: 신호등에 대한 잘못된 인식으로 인해 교차로에 대한 양보가 부족해집니다.,driver,perception,detection,error,,23,11,28,Tuesday
AVT028,JTDKAMFU4N3182332,No,Yes,Test Driver,Street,Planning Logic: Incorrect planner trajectory fails to adequately slow for lead vehicle,계획 논리: 잘못된 플래너 궤적으로 인해 선두 차량의 속도가 적절히 느려지지 않음,driver,decision,planning,inappropriate,,23,10,6,Friday
AVT028,JTDKAMFU9N3171729,No,Yes,Test Driver,Street,Planning Logic: Incorrect prediction leads to unwanted braking with tailgating agent,계획 논리: 잘못된 예측으로 인해 테일게이팅 에이전트로 인해 원치 않는 제동이 발생합니다.,driver,decision,recognition,prediction,,23,11,10,Friday
AVT028,JTDKAMFU7N3164231,No,Yes,Test Driver,Street,Object Perception: Late perception of oncoming turning agent cuts off Nuro vehicle leading to inadequate yield,객체 인식: 다가오는 회전 에이전트에 대한 늦은 인식으로 인해 Nuro 차량이 차단되어 수율이 부족해짐,driver,perception,detection,error,,23,11,9,Thursday
AVT028,JTDKAMFU3N3171757,No,Yes,Test Driver,Street,Planning Logic: Incorrect planner trajectory fails to adequately slow for lead vehicle,계획 논리: 잘못된 계획자의 궤적이 선두 차량의 속도를 적절하게 늦추지 못함,driver,decision,planning,inappropriate,,23,10,6,Friday
AVT028,JTDKAMFU8N3182236,No,Yes,Test Driver,Street,Object Perception: Incorrect perception of railroad crossing leads to unwanted braking with tailgating agent,객체 인식: 철도 건널목에 대한 잘못된 인식으로 인해 테일게이팅 에이전트로 원치 않는 제동이 발생합니다.,driver,perception,detection,error,,23,9,20,Wednesday
AVT028,JTDKAMFU7N3164231,No,Yes,Test Driver,Street,Planning Logic: Incorrect planner trajectory fails to adequately yield to lead vehicle,계획 논리: 잘못된 계획자의 궤적이 선두 차량에 적절하게 양보하지 못함,driver,decision,planning,inappropriate,,23,9,25,Monday
AVT028,JTDKAMFU5N3171601,No,Yes,Test Driver,Street,Object Perception: Incorrect perception of traffic light leads to inadequate yield to cross traffic,객체 인식: 신호등에 대한 잘못된 인식으로 인해 교차로에 대한 양보가 부족해집니다.,driver,perception,detection,error,,23,9,19,Tuesday
AVT028,JTDKAMFU9N3171729,No,Yes,Test Driver,Street,Planning Logic: Incorrect planner trajectory fails to adequately yield to adjacent vehicle while merging due to construction,계획 논리: 잘못된 계획자 궤적은 공사로 인해 합류하는 동안 인접 차량에 적절하게 양보하지 못합니다.,driver,decision,planning,inappropriate,,23,10,10,Tuesday
AVT028,JTDKAMFU4N3182332,No,Yes,Test Driver,Street,Planning Logic: Incorrect planner trajectory fails to adequately yield to lead vehicle,계획 논리: 잘못된 계획자의 궤적이 선두 차량에 적절하게 양보하지 못함,driver,decision,planning,inappropriate,,23,10,5,Thursday
AVT028,JTDKAMFU4N3182136,No,Yes,Test Driver,Street,Planning Logic: Incorrect behavior leads to unwanted braking with tailgating cyclist ,계획 논리: 잘못된 행동으로 인해 꼬리를 물고 따라오는 자전거 운전자에게 원치 않는 브레이크가 발생합니다.,driver,decision,planning,inappropriate,,23,10,11,Wednesday
AVT028,JTDKAMFU3N3171757,No,Yes,Test Driver,Street,Planning Logic: Incorrect planner trajectory fails to adequately slow for lead vehicle,계획 논리: 잘못된 계획자의 궤적이 선두 차량의 속도를 적절하게 늦추지 못함,driver,decision,planning,inappropriate,,23,10,6,Friday
AVT028,JTDKAMFUXN3164594,No,Yes,Test Driver,Street,Planning Logic: Planner trajectory inadequately yields for oncoming vehicle,계획 논리: 다가오는 차량에 대한 계획자의 궤적이 부적절하게 산출됩니다.,driver,decision,planning,inappropriate,,23,11,28,Tuesday
AVT017,1V2NR2CA2JC509341,NO,Yes,Test Driver,Urban,"Weather(Sunny), Daylight: Safety Decision - Pedestrian on the road, not on a defined crosswalk (Safety takeover)","날씨(맑음), 일광 : 안전판단 - 지정된 횡단보도가 아닌 도로 위의 보행자(안전인계)",driver,external,intervention,pedestrian,,23,11,14,Tuesday
AVT017,1V2NR2CA2JC509341,NO,Yes,Test Driver,Urban,"Weather(Sunny), Daylight: ODD - Car double parked on our lane - Test car not allowed to go over the double yellow lane marking","날씨(맑음), 일광: ODD - 우리 차선에 차량 이중 주차 - 테스트 차량은 노란색 이중 차선을 넘을 수 없습니다.",driver,external,obstacle,stranded,,23,1,11,Wednesday
AVT017,1V2NR2CA2JC509341,NO,Yes,Test Driver,Urban,"Weather(Sunny), Daylight: Safety Decision - Pedestrian on the road, not on a defined crosswalk (Safety takeover)","날씨(맑음), 일광 : 안전판단 - 지정된 횡단보도가 아닌 도로 위의 보행자(안전인계)",driver,external,intervention,pedestrian,,23,1,11,Wednesday
AVT017,1V2NR2CA2JC509341,NO,Yes,Test Driver,Urban,"Weather(Sunny), Daylight: Perception Issue - AV too close to front vehicle - Distance Calculation error","날씨(맑음), 일광: 인지 문제 - AV가 앞차에 너무 가까움 - 거리 계산 오류",driver,perception,localization,,,23,8,9,Wednesday
AVT017,1V2NR2CA2JC509341,NO,Yes,Test Driver,Urban,"Weather(Sunny), Daylight: Safety Decision - Pedestrian on the road, on a defined crosswalk (Safety takeover)","날씨(맑음), 일광: 안전 결정 - 도로 위, 지정된 횡단보도 위의 보행자(안전 인계)",driver,human,precaution,,,23,1,12,Thursday
AVT017,1V2NR2CA2JC509341,NO,Yes,Test Driver,Urban,"Weather(Sunny), Daylight: Safety Decision - Pedestrian on the road, on a defined crosswalk (Safety takeover)","날씨(맑음), 일광: 안전 결정 - 도로 위, 지정된 횡단보도 위의 보행자(안전 인계)",driver,human,precaution,,,23,1,19,Thursday
AVT017,1V2NR2CA2JC509341,NO,Yes,Test Driver,Urban,"Weather(Sunny), Daylight: Safety Decision - 4 way Stop, Car started when it was his turn, impatient driver forced his way (Safety Takeover)","날씨(맑음), 일광: 안전 결정 - 4방향 정지, 자기 차례에 차량 출발, 조급한 운전자가 강제로 길을 가짐(안전 인수)",driver,external,intervention,vehicle,,23,11,13,Monday
AVT017,1V2NR2CA2JC509341,NO,Yes,Test Driver,Urban,"Weather(Sunny), Daylight: Perception Issue - AV too close to front vehicle - Distance Calculation error","날씨(맑음), 일광: 인지 문제 - AV가 앞차에 너무 가까움 - 거리 계산 오류",driver,perception,localization,,,23,8,9,Wednesday
AVT017,1V2NR2CA2JC509341,NO,Yes,Test Driver,Urban,"Weather(Sunny), Daylight: Safety Decision - Car Crash in front of the Vehicle in its lane, (safety takeover)","날씨(맑음), 일광: 안전 판단 - 차선 내 차량 앞 차량 충돌, (안전 인수)",driver,human,precaution,,,23,1,11,Wednesday
AVT017,1V2NR2CA2JC509341,NO,Yes,Test Driver,Urban,"Weather(Sunny), Daylight: ODD - Car double parked on our lane - Test car not allowed to go over the double yellow lane marking","날씨(맑음), 일광: ODD - 우리 차선에 차량 이중 주차 - 테스트 차량은 노란색 이중 차선을 넘을 수 없습니다.",driver,external,obstacle,stranded,,23,1,11,Wednesday
AVT017,1V2NR2CA2JC509341,NO,Yes,AV System,Urban,"Weather(Sunny), Daylight: Computing issue - Software Crash - Localization component stopped working for unknown reasons","날씨(맑음), 일광: 컴퓨팅 문제 - 소프트웨어 충돌 - 알 수 없는 이유로 현지화 구성 요소가 작동을 멈췄습니다.",ADS,internal,SW,,,23,1,12,Thursday
AVT017,1V2NR2CA2JC509341,NO,Yes,Test Driver,Urban,"Weather(Sunny), Daylight: Perception issue - Green light not detected after switch from red, car stood still, camera perception issue","날씨(맑음), 일광: 인식 문제 - 빨간색에서 녹색으로 전환 후 녹색 표시등이 감지되지 않음, 자동차가 정지됨, 카메라 인식 문제",driver,perception,detection,error,,23,1,12,Thursday
AVT017,1V2NR2CA2JC509341,NO,Yes,Test Driver,Urban,"Weather(Sunny), Daylight: Safety Decision - Pedestrian on the road, on a defined crosswalk (Safety takeover)","날씨(화창), 주간: 안전 결정 - 도로 위의 보행자, 정의된 횡단보도 위(안전 인수)",driver,human,precaution,,,23,5,11,Thursday
AVT017,1V2NR2CA2JC509341,NO,Yes,Test Driver,Urban,"Weather(Sunny), Daylight: ODD - Car double parked on our lane - Test car not allowed to go over the double yellow lane marking","날씨(맑음), 일광: ODD - 우리 차선에 차량 이중 주차 - 테스트 차량은 노란색 이중 차선을 넘을 수 없습니다.",driver,external,obstacle,stranded,,23,1,19,Thursday
AVT017,1V2NR2CA2JC509341,NO,Yes,Test Driver,Urban,"Weather(Sunny), Daylight: ODD - Car double parked on our lane - Test car not allowed to go over the double yellow lane marking","날씨(맑음), 일광: ODD - 우리 차선에 차량 이중 주차 - 테스트 차량은 노란색 이중 차선을 넘을 수 없습니다.",driver,external,obstacle,stranded,,23,5,11,Thursday
AVT017,1V2NR2CA2JC509341,NO,Yes,Test Driver,Urban,"Weather(Sunny), Daylight: ODD - Car double parked on our lane - Test car not allowed to go over the double yellow lane marking","날씨(맑음), 일광: ODD - 우리 차선에 차량 이중 주차 - 테스트 차량은 노란색 이중 차선을 넘을 수 없습니다.",driver,external,obstacle,stranded,,23,1,19,Thursday
AVT017,1V2NR2CA2JC509341,NO,Yes,Test Driver,Urban,"Weather(Sunny), Daylight: ODD - Car double parked on our lane - Test car not allowed to go over the double yellow lane marking","날씨(맑음), 일광: ODD - 우리 차선에 차량 이중 주차 - 테스트 차량은 노란색 이중 차선을 넘을 수 없습니다.",driver,external,obstacle,stranded,,23,1,12,Thursday
AVT017,1V2NR2CA2JC509341,NO,Yes,Test Driver,Urban,"Weather(Sunny), Daylight: Safety Decision - 4 way Stop, Car started when it was its turn, impatient driver forced his way (Safety Takeover)","날씨(맑음), 일광: 안전 결정 - 4방향 정지, 차례가 되었을 때 차량 출발, 조급한 운전자 강제 통행(안전 인수)",driver,external,intervention,vehicle,,23,1,19,Thursday
AVT017,1V2NR2CA2JC509341,NO,Yes,Test Driver,Urban,"Weather(Sunny), Daylight: Perception issue - Green light not detected after switch from red, car stood still, camera perception issue","날씨(맑음), 일광: 인식 문제 - 빨간색에서 녹색으로 전환 후 녹색 표시등이 감지되지 않음, 자동차가 정지됨, 카메라 인식 문제",driver,perception,detection,error,,23,1,19,Thursday
AVT017,1V2NR2CA2JC509341,NO,Yes,Test Driver,Urban,"Weather(Sunny), Daylight: Safety Decision - Car coming to close to AV, from the adjacent lane (Safety Takeover)","날씨(맑음), 일광 : 안전판단 - 인접차선에서 AV에 접근하는 차량 (안전인계)",driver,external,intervention,vehicle,,23,11,14,Tuesday
AVT032,KM8K23AG8MU127363,NO,Yes,Test Driver,Street,"As a precaution, the safety operator intervened to avoid a vehicle, which started to enter the intersection and then temporarily stopped while in the intersection. Despite initially pausing, this vehicle then executed an aggressive maneuver, swiftly turning across three lanes of traffic.",이에 대비해 안전요원이 개입해 교차로 진입을 시작한 차량이 교차로 진입 중 일시적으로 정지한 차량을 피했다. 처음에 정지했음에도 불구하고 이 차량은 이후 공격적인 기동을 실행하여 3개 차선을 빠르게 가로질러 회전했습니다.,driver,external,intervention,vehicle,,23,3,27,Monday
AVT032,KM8K23AG8MU127363,NO,Yes,Test Driver,Street,"While stopped at a red light, a Pony.ai AV in supervised (諛냨ivered  autonomous mode was rear-ended twice in quick succession by a passenger vehicle. Immediately following the incident, the Pony.ai safety operator disengaged the Pony.ai AV from autonomous mode. There were no injuries reported.",빨간 신호등에 정지한 동안 감독(諛냨ivered) 자율 모드에 있는 Pony.ai AV가 승용차에 의해 두 번 연속으로 빠르게 뒤처졌습니다. 사고 직후 Pony.ai 안전 운영자는 Pony.ai AV의 연결을 해제했습니다. 자율 모드에서는 부상자가 보고되지 않았습니다.,driver,external,intervention,vehicle,yes,23,6,5,Monday
AVT032,3LN6L5MU9KR623692,NO,Yes,Test Driver,Interstate,"A Pony.ai AV, operating in supervised autonomous (""Drivered"") mode, collided with road debris, slightly damaging its rear bumper.  Immediately prior to the incident, the safety driver noticed a flat item was in the center part of the lane, disengaged from autonomous mode, and attempted to dodge the debris. There were no injuries reported.","감독 자율(""운전"") 모드로 작동하는 Pony.ai AV가 도로 잔해와 충돌하여 후면 범퍼가 약간 손상되었습니다. 사고 직전 안전운전자는 차선 중앙에 평평한 물건이 있는 것을 발견하고 자율주행 모드를 해제한 뒤 잔해를 피하려 했다. 부상자는 보고되지 않았습니다.",driver,external,obstacle,debris,,23,9,15,Friday
AVT047,3LN6L5LU9HR650658,No,Yes,Test Driver,Highway,Driver disengagement due to safety monitor notification of planning discrepancy in the determination of vehicle trajectory,차량 궤적 결정 시 계획 불일치에 대한 안전 모니터 알림으로 인한 운전자 이탈,driver,decision,planning,inappropriate,,23,9,7,Thursday
AVT047,3LN6L5LU9HR650658,No,Yes,Test Driver,Urban,Driver disengagement due to safety monitor notification of planning discrepancy in the determination of vehicle trajectory,차량 궤적 결정 시 계획 불일치에 대한 안전 모니터 알림으로 인한 운전자 이탈,driver,decision,planning,inappropriate,,23,3,20,Monday
AVT047,3LN6L5MU1JR627234,No,Yes,Test Driver,Highway,Driver disengagement due to safety monitor notification of sensor input delay,센서 입력 지연 안전 모니터 알림으로 인한 운전자 이탈,driver,perception,sensor,,,23,7,11,Tuesday
AVT047,3LN6L5LU9HR650658,No,Yes,Test Driver,Urban,Driver disengagement due to safety monitor notification of planning discrepancy in the determination of vehicle trajectory,차량 궤적 결정 계획 불일치에 대한 안전 모니터 알림으로 인한 운전자 이탈,driver,decision,planning,inappropriate,,23,9,13,Wednesday
AVT047,3LN6L5LU9HR650658,No,Yes,Test Driver,Urban,Driver disengagement due to safety monitor notification of planning discrepancy in the determination of vehicle trajectory,차량 궤적 결정 시 계획 불일치에 대한 안전 모니터 알림으로 인한 운전자 이탈,driver,decision,planning,inappropriate,,23,9,15,Friday
AVT047,3LN6L5LU0HR663007,No,Yes,Test Driver,Urban,Driver disengagement due to safety monitor notification of sensor input delay,센서 입력 지연 안전 모니터 알림으로 인한 운전자 이탈,driver,perception,sensor,,,23,10,30,Monday
AVT047,3LN6L5LU9HR650658,No,Yes,Test Driver,Highway,Driver disengagement due to safety monitor notification of planning discrepancy in the determination of vehicle trajectory,차량 궤적 결정 시 계획 불일치에 대한 안전 모니터 알림으로 인한 운전자 이탈,driver,decision,planning,inappropriate,,23,3,7,Tuesday
AVT047,3LN6L5LU0HR663007,No,Yes,Test Driver,Urban,Driver disengagement due to safety monitor notification of sensor input delay,센서 입력 지연에 대한 안전 모니터 알림으로 인한 운전자 이탈,driver,perception,sensor,,,23,10,18,Wednesday
AVT047,5LM5J9XC9NGL15992,No,Yes,Test Driver,Highway,Driver disengagement due to safety monitor notification of sensor input delay,센서 입력 지연 안전 모니터 알림으로 인한 운전자 이탈,driver,perception,sensor,,,23,11,15,Wednesday
AVT047,5LM5J9XC9NGL15992,No,Yes,Test Driver,Urban,Driver disengagement due to safety monitor notification of positioning error,위치 오류에 대한 안전 모니터 알림으로 인한 운전자 이탈,driver,perception,localization,,,23,10,30,Monday
AVT047,3LN6L5LU9HR650658,No,Yes,Test Driver,Urban,Driver disengagement due to safety monitor notification of planning discrepancy in the determination of vehicle trajectory,차량 궤적 결정 계획 불일치에 대한 안전 모니터 알림으로 인한 운전자 이탈,driver,decision,planning,inappropriate,,23,4,7,Friday
AVT047,3LN6L5LU0HR663007,No,Yes,Test Driver,Urban,Driver disengagement due to safety monitor notification of sensor input delay,센서 입력 지연 안전 모니터 알림으로 인한 운전자 이탈,driver,perception,sensor,,,23,10,16,Monday
AVT047,3LN6L5LU9HR650658,No,Yes,Test Driver,Highway,Driver disengagement due to safety monitor notification of sensor input delay,센서 입력 지연 안전 모니터 알림으로 인한 운전자 이탈,driver,perception,sensor,,,23,9,20,Wednesday
AVT047,3LN6L5LU9HR650658,No,Yes,Test Driver,Highway,Driver disengagement due to planning discrepancy in the determination of autonomous vehicle speed,자율주행차 속도 결정의 계획 불일치로 인한 운전자 이탈,driver,decision,planning,inappropriate,,23,5,4,Thursday
AVT047,3LN6L5LU9HR650658,No,Yes,Test Driver,Urban,Driver disengagement due to safety monitor notification of positioning error,위치 오류에 대한 안전 모니터 알림으로 인한 운전자 이탈,driver,perception,localization,,,23,7,20,Thursday
AVT047,3LN6L5MU1JR627234,No,Yes,Test Driver,Highway,Driver disengagement due to safety monitor notification of planning discrepancy in the determination of vehicle trajectory,차량 궤적 결정 시 계획 불일치에 대한 안전 모니터 알림으로 인한 운전자 이탈,driver,decision,planning,inappropriate,,23,2,2,Thursday
AVT047,3LN6L5LU9HR650658,No,Yes,Test Driver,Highway,Driver disengagement due to safety monitor notification of positioning error,위치 오류에 대한 안전 모니터 알림으로 인한 운전자 이탈,driver,perception,localization,,,23,8,10,Thursday
AVT047,3LN6L5LU0HR663007,No,Yes,Test Driver,Urban,Driver disengagement due to safety monitor notification of sensor input delay,센서 입력 지연 안전 모니터 알림으로 인한 운전자 이탈,driver,perception,sensor,,,23,11,2,Thursday
AVT047,3LN6L5LU9HR650658,No,Yes,Test Driver,Highway,Driver precautionary disengagement due to aggressive cut-in by other vehicle,다른 차량의 공격적인 컷인으로 인한 운전자의 예방적 이탈,driver,external,intervention,vehicle,,23,7,27,Thursday
AVT047,3LN6L5MU1JR627234,No,Yes,Test Driver,Highway,Driver disengagement due to safety monitor notification of planning discrepancy in the determination of vehicle trajectory,차량 궤적 결정 시 계획 불일치에 대한 안전 모니터 알림으로 인한 운전자 이탈,driver,decision,planning,inappropriate,,23,4,20,Thursday
